,UMAP_1,UMAP_2
C#CC(C)(C)N.CCCCOc1ccc(C(=O)O)cc1,8.238573,4.8151827
C#CC(C)(C)N.Cc1ccc(F)cc1C(=O)O,7.444951,4.279004
C#CC(C)(C)N.O=C(O)C(c1ccccc1)c1ccccc1,0.12789634,1.20546
C#CC(C)(C)N.O=C(O)C1c2ccccc2Oc2ccccc21,-1.0418055,-0.46101484
C#CC(C)(C)N.O=C(O)Cc1cc(F)cc(F)c1,-1.2849166,5.201419
C#CC(C)(C)N.O=C(O)Cc1ccc(C(F)(F)F)cc1,-1.7692167,5.3538475
C#CC(C)(C)N.O=C(O)Cc1ccc([N+](=O)[O-])cc1,-2.1970422,5.9233017
C#CC(C)(C)N.O=C(O)Cc1ccc2c(c1)C(=O)c1ccccc1CO2,-3.5545573,3.588372
C#CC(C)(C)N.O=C(O)c1ccc2nccnc2c1,9.215509,5.0343485
C#Cc1cccc(N)c1.Cc1cc(C(=O)O)cc(Cl)n1,11.184905,4.3425655
C#Cc1cccc(N)c1.Cc1ccc(CC(=O)O)cc1,1.7294877,4.6061788
C#Cc1cccc(N)c1.Cc1ccc2cc(C(=O)O)ccc2n1,9.09326,3.4814017
C#Cc1cccc(N)c1.O=C(O)C1c2ccccc2Oc2ccccc21,-0.83259153,-0.9255464
C#Cc1cccc(N)c1.O=C(O)COc1ccccc1,3.476532,6.9031577
C#Cc1cccc(N)c1.O=C(O)Cc1ccc2c(c1)OCO2,1.2900178,5.169332
C#Cc1cccc(N)c1.O=C(O)c1ccc(C(F)(F)F)cn1,13.345404,4.139403
C#Cc1cccc(N)c1.O=C(O)c1ccc2nccnc2c1,9.945716,3.834034
C1CCN(C2CCNCC2)CC1.Cc1ccc(CC(=O)O)cc1,0.8459338,3.8707032
C1CCNC1.Cc1ccc2cc(C(=O)O)ccc2n1,8.829542,4.615606
C1CCNC1.O=C(O)C(c1ccccc1)c1ccccc1,0.74563736,1.5425053
C1COCCN1.Cc1c(C(=O)O)oc2ccccc12,6.984369,2.3124464
C1COCCN1.Cc1ccc(CC(=O)O)cc1,1.9113071,2.8643513
C1COCCN1.O=C(O)C(c1ccccc1)c1ccccc1,0.8864823,1.113581
C1COCCN1.O=C(O)Cc1ccc2c(c1)OCO2,1.629627,2.766957
CC(=O)c1ccc(N)cc1.CC(C(=O)O)c1ccc(CC2CCCC2=O)cc1,-2.1488144,1.7996302
CC(=O)c1ccc(N)cc1.CC1(C)C(C(=O)O)C1(C)C,5.7324767,3.4956448
CC(=O)c1ccc(N)cc1.COc1ccc(CC(=O)O)cc1,1.36768,5.4530873
CC(=O)c1ccc(N)cc1.COc1ccc2cc(C(C)C(=O)O)ccc2c1,-1.7138681,1.8371093
CC(=O)c1ccc(N)cc1.Cc1cc(C(=O)O)cc(Cl)n1,11.01621,4.8815656
CC(=O)c1ccc(N)cc1.Cc1ccc(F)cc1C(=O)O,7.3038316,4.399697
CC(=O)c1ccc(N)cc1.O=C(O)C(c1ccccc1)c1ccccc1,-0.98641396,2.0645328
CC(=O)c1ccc(N)cc1.O=C(O)C1(c2ccccc2)CC1,0.19649172,1.9736503
CC(=O)c1ccc(N)cc1.O=C(O)COc1ccccc1,3.0274053,6.8056593
CC(=O)c1ccc(N)cc1.O=C(O)Cc1cc(F)cc(F)c1,-0.43012968,5.862187
CC(=O)c1ccc(N)cc1.O=C(O)Cc1ccc(C(F)(F)F)cc1,-0.965694,6.21057
CC(=O)c1ccc(N)cc1.O=C(O)Cc1ccc2c(c1)C(=O)c1ccccc1CO2,-2.95029,4.4531913
CC(=O)c1ccc(N)cc1.O=C(O)Cc1ccc2c(c1)OCO2,1.1740277,5.8655376
CC(=O)c1ccc(N)cc1.O=C(O)c1c[nH]c2ncccc12,8.26081,3.137258
CC(=O)c1ccc(N)cc1.O=C(O)c1cc(Cl)cc(Cl)n1,13.14041,3.9311817
CC(=O)c1ccc(N)cc1.O=C(O)c1cc2ccccc2o1,8.384261,1.6736766
CC(=O)c1ccc(N)cc1.O=C(O)c1ccc(C(F)(F)F)cn1,13.402388,3.5705833
CC(=O)c1ccc(N)cc1.O=C(O)c1ccccc1Cc1ccccc1,6.8645544,4.536151
CC(=O)c1ccc(N)cc1.O=C(O)c1ccco1,9.629357,1.3094908
CC(C)NC(C)C.Cc1ccc(CC(=O)O)cc1,1.8967338,3.178005
CC(C)Nc1ccccc1.O=C(O)C1Cc2ccccc2C1,0.8976767,3.1718488
CC(C)Nc1ccccc1.O=C(O)Cc1ccc2c(c1)C(=O)c1ccccc1CO2,-2.6176152,4.22334
CC(C)Nc1ccccc1.O=C(O)Cc1ccc2c(c1)OCO2,1.3114539,3.3375945
CC(C)Nc1ccccc1.O=C(O)c1ccc(C(F)(F)F)cn1,12.513497,3.4883604
CC1CCCNC1.O=C(O)Cc1ccc2c(c1)OCO2,1.4006884,2.950419
CC1CCCNC1.O=C(O)c1cc(Cl)cc(Cl)n1,12.565899,4.0251193
CC1COCCN1.COc1ccc(C(=O)O)cc1,8.622774,4.4326982
CC1COCCN1.Cc1c(C(=O)O)oc2ccccc12,6.9459653,2.4495182
CC1COCCN1.O=C(O)C(c1ccccc1)c1ccccc1,0.9639093,1.1738024
CCCCN1CCNCC1.COc1ccc(C(=O)O)cc1,8.577897,4.469405
CCCCN1CCNCC1.Cc1c(C(=O)O)oc2ccccc12,7.1185274,2.185724
CCCCN1CCNCC1.Cc1cc(C(=O)O)cc(Cl)n1,10.136395,4.7168565
CCCNC.Cc1c(C(=O)O)oc2ccccc12,6.963627,2.6425138
CCCNC.Cc1cc(C(=O)O)cc(Cl)n1,9.633594,4.5231457
CCCNC.Cc1cc(C)c(C(=O)O)c(C)c1,6.0751324,4.2132573
CCCNC.O=C(O)C(c1ccccc1)c1ccccc1,0.8427665,1.2817267
CCCNC.O=C(O)Cc1ccc2c(c1)OCO2,1.6772572,2.5927684
CCCNC.O=C(O)c1cc(Cl)cc(Cl)n1,12.325105,4.2040987
CCNC(C)C.Cc1cc(C(=O)O)cc(Cl)n1,9.893305,4.694993
CCNC(C)C.Cc1ccc2cc(C(=O)O)ccc2n1,9.316296,4.5116224
CCNC(C)C.O=C(O)C(c1ccccc1)c1ccccc1,0.9860083,1.4765385
CCNC(C)C.O=C(O)Cc1ccc2c(c1)OCO2,1.8747305,2.6268816
CCNC(C)C.O=C(O)c1ncccn1,14.193907,5.480178
CCNc1cccc(C)c1.Cc1c(C(=O)O)oc2ccccc12,7.467221,2.0685863
CCNc1cccc(C)c1.O=C(O)COc1ccccc1,3.3645897,7.545886
CCNc1cccc(C)c1.O=C(O)Cc1ccc2c(c1)OCO2,1.1616825,3.6779299
CCNc1cccc(C)c1.O=C(O)c1cc(Cl)cc(Cl)n1,12.696967,3.3813655
CCNc1cccc(C)c1.O=C(O)c1ccc([N+](=O)[O-])s1,11.176106,3.5519967
CCNc1cccc(C)c1.O=C(O)c1ccccc1Cc1ccccc1,7.5099697,4.0798306
CCNc1cccc(C)c1.O=C(O)c1ncccn1,13.814893,5.0923624
CCNc1ccccc1.Cc1c(C(=O)O)oc2ccccc12,7.190317,1.8572342
CCNc1ccccc1.Cc1ccc(CC(=O)O)cc1,1.9128921,3.7713118
CCNc1ccccc1.Cc1ccc2cc(C(=O)O)ccc2n1,9.259317,3.5634086
CCNc1ccccc1.O=C(O)Cc1ccc2c(c1)OCO2,1.5346061,3.5707014
CCOC(=O)c1cccc(N)c1.O=C(O)c1cc2ccccc2o1,8.284497,1.6227703
CCOC(=O)c1cccc(N)c1.O=C(O)c1cc2ccccc2s1,8.536298,2.8835216
CCOC(=O)c1cccc(N)c1.O=C(O)c1ccc([N+](=O)[O-])s1,10.626117,3.6939442
CCOc1cc(N)ccn1.O=C(O)COc1ccccc1,3.476191,6.7102556
CCOc1cc(N)ccn1.O=C(O)Cc1cc(F)cc(F)c1,-0.48302212,6.1816115
CCOc1cc(N)ccn1.O=C(O)Cc1ccc2c(c1)OCO2,1.3863164,5.5137854
CCc1cccc(N)c1.O=C(O)Cc1cc(F)cc(F)c1,-1.0040371,5.88115
CCc1cccc(N)c1.O=C(O)Cc1ccc2c(c1)OCO2,1.3651892,4.3362327
CNOC.CC(C(=O)O)c1ccc(-c2ccccc2)c(F)c1,2.5462768,1.3392974
CNOC.CC(C(=O)O)c1ccc(CC2CCCC2=O)cc1,2.3904707,1.4183093
CNOC.CC(C)(C(=O)O)c1ccccc1,2.4121118,1.0326796
CNOC.CC(C)(C)c1cc(C(=O)O)cc(C(C)(C)C)c1,3.7344012,1.6340235
CNOC.CC1(C)C(C(=O)O)C1(C)C,3.747068,1.2942935
CNOC.COc1ccc(C(=O)O)cc1,4.320068,1.6252959
CNOC.COc1ccc(CC(=O)O)cc1,2.9620788,1.9148234
CNOC.COc1ccc2cc(C(C)C(=O)O)ccc2c1,2.5712366,1.2125932
CNOC.COc1ncc(Br)cc1C(=O)O,4.127943,1.7226896
CNOC.Cc1c(C(=O)O)oc2ccccc12,4.7701564,1.8789068
CNOC.Cc1cc(C)cc(C(=O)O)c1,4.0587163,1.8396493
CNOC.Cc1cccc(C)c1C(=O)O,3.3470178,1.4557701
CNOC.Cn1cc(C(=O)O)c(C(F)F)n1,4.513887,1.040389
CNOC.N#Cc1ccc(C(=O)O)cc1,4.768202,1.0161506
CNOC.O=C(O)/C=C/c1ccccc1,4.7959347,1.0210382
CNOC.O=C(O)C1C[C@H]1c1ccccc1,3.6744711,1.1101054
CNOC.O=C(O)C1Cc2ccccc2C1,2.9399152,1.3632907
CNOC.O=C(O)COc1ccccc1,3.0391417,2.129707
CNOC.O=C(O)Cc1ccc(C(F)(F)F)cc1,3.1898768,1.6839058
CNOC.O=C(O)Cc1ccc2c(c1)C(=O)c1ccccc1CO2,2.715944,1.4282616
CNOC.O=C(O)Cc1ccc2c(c1)OCO2,2.8019624,1.8709704
CNOC.O=C(O)c1cc(Cl)cc(Cl)n1,4.4857965,1.1871117
CNOC.O=C(O)c1cc2ccccc2o1,4.817597,1.8793666
CNOC.O=C(O)c1cc2ccccc2s1,4.5105214,2.076317
CNOC.O=C(O)c1ccc(-c2ccccc2)cc1,4.1716633,1.9619484
CNOC.O=C(O)c1ccc(Br)s1,4.6131005,1.6409541
CNOC.O=C(O)c1ccc(F)cn1,4.0650415,1.0269035
CNOC.O=C(O)c1ccc2c(c1)OC(F)(F)O2,3.949194,1.8189142
CNOC.O=C(O)c1ccc2nccnc2c1,3.9148695,1.1807586
CNOC.O=C(O)c1cccc(-c2ccccc2)c1,4.0797563,1.7978008
CNOC.O=C(O)c1ccccc1,4.4490767,0.8781119
CNOC.O=C(O)c1ccnc(C(F)(F)F)c1,4.1435375,1.464526
CNOC.O=C(O)c1ccncc1Cl,3.7852812,1.2605134
CNc1ccc(F)cc1.COc1ccc(CC(=O)O)cc1,1.5972642,3.8859117
CNc1ccc(F)cc1.Cc1c(C(=O)O)oc2ccccc12,7.592047,2.1852572
CNc1ccc(F)cc1.Cc1cc(C(=O)O)cc(Cl)n1,10.873354,3.7327108
CNc1ccc(F)cc1.Cc1ccc(CC(=O)O)cc1,1.399649,3.4712195
CNc1ccc(F)cc1.O=C(O)Cc1cc(F)cc(F)c1,-0.11108495,5.7330165
CNc1ccc(F)cc1.O=C(O)c1cc(Cl)cc(Cl)n1,12.731212,3.751885
CNc1ccc(F)cc1.O=C(O)c1cc2ccccc2s1,8.533519,2.4787948
CNc1ccc(F)cc1.O=C(O)c1ccc(C(F)(F)F)cn1,12.7925625,3.6230304
CNc1ccc(F)cc1.O=C(O)c1ccc2nccnc2c1,10.11669,3.568763
CNc1ccc(F)cc1.O=C(O)c1ccco1,9.198119,1.345703
CNc1ccc(OC)cc1.COc1ccc(CC(=O)O)cc1,1.2915685,3.6855922
CNc1ccc(OC)cc1.COc1ncc(Br)cc1C(=O)O,9.659714,7.863182
CNc1ccc(OC)cc1.Cc1c(C(=O)O)oc2ccccc12,7.3423,2.3162532
CNc1ccc(OC)cc1.Cc1ccc2cc(C(=O)O)ccc2n1,9.3625,3.3169599
CNc1ccc(OC)cc1.O=C(O)C(c1ccccc1)c1ccccc1,-0.358383,1.929165
CNc1ccc(OC)cc1.O=C(O)Cc1cc(F)cc(F)c1,-0.33397546,5.3995376
CNc1ccc(OC)cc1.O=C(O)Cc1ccc2c(c1)OCO2,1.1800858,3.4529128
CNc1ccc(OC)cc1.O=C(O)c1cc(Cl)cc(Cl)n1,13.283889,3.2795887
CNc1ccc(OC)cc1.O=C(O)c1ccc([N+](=O)[O-])s1,10.964842,3.4367726
CNc1ccc(OC)cc1.O=C(O)c1cnccn1,12.7337,4.2781324
CNc1ccc(OC)cc1.O=C(O)c1ncccn1,13.837087,5.226126
COC(=O)c1cc(F)ccc1N.O=C(O)C(c1ccccc1)c1ccccc1,-0.9695866,1.7963637
COC(=O)c1cc(F)ccc1N.O=C(O)Cc1ccc(C(F)(F)F)cc1,-1.0689988,6.497673
COC(=O)c1cc(F)ccc1N.O=C(O)Cc1ccc2c(c1)OCO2,1.750456,5.4002566
COC(=O)c1cc(S(N)(=O)=O)ccc1OC.Cc1ccc(CC(=O)O)cc1,1.4133272,6.4145546
COC(=O)c1cc(S(N)(=O)=O)ccc1OC.Cc1ccc(F)cc1C(=O)O,9.398053,5.311381
COC(=O)c1cc(S(N)(=O)=O)ccc1OC.O=C(O)COc1ccccc1,2.159466,6.6106505
COC(=O)c1cc(S(N)(=O)=O)ccc1OC.O=C(O)Cc1ccc2c(c1)C(=O)c1ccccc1CO2,-2.3633966,4.439452
COC(=O)c1cc(S(N)(=O)=O)ccc1OC.O=C(O)c1ccnc(C(F)(F)F)c1,10.289324,5.1583457
COC(=O)c1ccc(N)cc1.CC(NC(=O)OCc1ccccc1)C(=O)O,-1.0709975,2.3934705
COC(=O)c1ccc(N)cc1.O=C(O)c1ccc2c(c1)OC(F)(F)O2,9.293256,3.6787043
COC(=O)c1ccc(N)cc1.O=C(O)c1ncccn1,14.25253,4.961214
COC(=O)c1ccc(N)cc1OC.O=C(O)COc1ccccc1,3.085516,6.5800567
COC(=O)c1ccc(N)cc1OC.O=C(O)Cc1ccc2c(c1)OCO2,1.4990199,6.2352176
COC(=O)c1ccc(N)cc1OC.O=C(O)c1ccc(C(F)(F)F)cn1,13.707331,3.324616
COCCN1CCNCC1.Cc1ccc(CC(=O)O)cc1,1.0489953,3.7209947
COc1ccc(CN)cc1.CC(C(=O)O)c1ccc(-c2ccccc2)c(F)c1,-1.84253,0.6765767
COc1ccc(CN)cc1.CC(C(=O)O)c1ccc(CC2CCCC2=O)cc1,-2.0762734,0.8527669
COc1ccc(CN)cc1.CC(C)(C(=O)O)c1ccccc1,-0.03121026,0.7941083
COc1ccc(CN)cc1.CC(C)Cc1ccc(C(C)C(=O)O)cc1,-1.5662556,0.89079136
COc1ccc(CN)cc1.COc1cc(C(=O)O)cc(OC)c1OC,7.4982047,5.5747776
COc1ccc(CN)cc1.COc1ccc(CC(=O)O)cc1,-0.16237257,4.150757
COc1ccc(CN)cc1.COc1ccc2cc(C(C)C(=O)O)ccc2c1,-2.2230139,0.48171026
COc1ccc(CN)cc1.Cc1cc(C)cc(C(=O)O)c1,7.942681,5.231937
COc1ccc(CN)cc1.Cc1cccc(C)c1C(=O)O,6.312217,4.909103
COc1ccc(CN)cc1.O=C(O)C(c1ccccc1)c1ccccc1,-0.74745154,0.9255926
COc1ccc(CN)cc1.O=C(O)C1(c2ccccc2)CC1,0.112511076,1.7207831
COc1ccc(CN)cc1.O=C(O)C1c2ccccc2Oc2ccccc21,-1.6287544,-0.28696755
COc1ccc(CN)cc1.O=C(O)Cc1cc(F)cc(F)c1,-1.2793753,4.9880295
COc1ccc(N)cc1.CC(C)(C(=O)O)c1ccccc1,-0.0730183,1.0510428
COc1ccc(N)cc1.CC(C)(C)c1cc(C(=O)O)cc(C(C)(C)C)c1,8.198729,4.234033
COc1ccc(N)cc1.COc1ccc(CC(=O)O)cc1,0.778426,4.4640775
COc1ccc(N)cc1.Cc1cc(C)cc(C(=O)O)c1,8.129727,3.653591
COc1ccc(N)cc1.Cc1ccc(C(=O)O)cc1F,8.441228,3.729349
COc1ccc(N)cc1.Cc1cccc(C)c1C(=O)O,5.7982287,4.3832865
COc1ccc(N)cc1.Cn1cc(C(=O)O)c(C(F)F)n1,9.324847,2.3452914
COc1ccc(N)cc1.O=C(O)c1cc2ccccc2s1,8.497413,2.6581926
COc1ccc(N)cc1.O=C(O)c1ccc(C(F)(F)F)cn1,13.688901,4.069142
COc1ccc(N)cc1.O=C(O)c1ccc([N+](=O)[O-])s1,10.738288,3.8716092
COc1ccc(N)cc1.O=C(O)c1ccnc(C(F)(F)F)c1,10.679462,4.260553
COc1ccc(N)cc1.O=C(O)c1cnccn1,13.067934,4.373383
COc1ccc(N)cc1C.CC(C(=O)O)c1ccc(-c2ccccc2)c(F)c1,-1.5902039,1.4296726
COc1ccc(N)cc1C.CC(C)(C(=O)O)c1ccccc1,-0.10362255,1.0909963
COc1ccc(N)cc1C.CC(C)(C)c1cc(C(=O)O)cc(C(C)(C)C)c1,7.6240826,4.124552
COc1ccc(N)cc1C.COc1ccc2cc(C(C)C(=O)O)ccc2c1,-1.7556548,1.3292398
COc1ccc(N)cc1C.COc1ncc(Br)cc1C(=O)O,9.977277,7.8712006
COc1ccc(N)cc1C.Cc1c(C(=O)O)oc2ccccc12,7.5190887,2.1425
COc1ccc(N)cc1C.Cc1cc(C(=O)O)cc(Cl)n1,10.834095,3.9786634
COc1ccc(N)cc1C.Cc1ccc(C(=O)O)c2ccccc12,7.67605,3.3345842
COc1ccc(N)cc1C.Cc1ccc(C(=O)O)cc1,9.649712,2.553564
COc1ccc(N)cc1C.Cc1ccc(CC(=O)O)cc1,1.5351304,4.3798823
COc1ccc(N)cc1C.Cc1ccc(F)cc1C(=O)O,7.381869,3.8031993
COc1ccc(N)cc1C.O=C(O)Cc1ccc([N+](=O)[O-])cc1,-1.7784421,6.6375747
COc1ccc(N)cc1C.O=C(O)Cc1ccc2c(c1)C(=O)c1ccccc1CO2,-2.6141937,4.258067
COc1ccc(N)cc1C.O=C(O)c1cc(Cl)cc(Cl)n1,13.710504,3.8247561
COc1ccc(N)cc1C.O=C(O)c1cc2ccccc2o1,7.7863913,1.6050525
COc1ccc(N)cc1C.O=C(O)c1cc2ccccc2s1,8.346579,2.812674
COc1ccc(N)cc1C.O=C(O)c1ccc([N+](=O)[O-])s1,10.731944,3.5720103
COc1ccc(N)cc1C.O=C(O)c1ccc2c(c1)OC(F)(F)O2,8.899462,3.9085965
COc1ccc(N)cc1C.O=C(O)c1ccnc(C(F)(F)F)c1,10.792258,4.175369
COc1ccc(N)cc1C.O=C(O)c1cnccn1,13.2586565,4.5159864
COc1ccc(N)cc1OC.O=C(O)C1C[C@H]1c1ccccc1,6.2813697,3.2928016
COc1ccc(N)cc1OC.O=C(O)COc1ccccc1,3.3415911,7.3325434
COc1ccc(N)cc1OC.O=C(O)Cc1cc(F)cc(F)c1,-0.79169154,5.6896443
COc1ccc(N)cc1OC.O=C(O)Cc1ccc(C(F)(F)F)cc1,-0.9540716,6.3289065
COc1ccc(N)cc1OC.O=C(O)c1c[nH]c2ncccc12,8.1100235,3.0323026
COc1ccc(N)cc1OC.O=C(O)c1ccc(F)cn1,13.309761,3.7442555
COc1ccc(N)cn1.CC(C(=O)O)c1ccc(CC2CCCC2=O)cc1,-1.3697895,1.7695241
COc1ccc(N)cn1.CC(C)(C)OC(=O)N1CC2(CC2)CC1C(=O)O,-0.5820173,-0.6506536
COc1ccc(N)cn1.CC(C)Cc1ccc(C(C)C(=O)O)cc1,-1.2874192,1.5026793
COc1ccc(N)cn1.COc1ccc(CC(=O)O)cc1,0.5929438,4.809696
COc1ccc(N)cn1.COc1ncc(Br)cc1C(=O)O,9.464115,7.6699247
COc1ccc(N)cn1.Cc1cc(C(=O)O)cc(Cl)n1,10.887299,4.7750154
COc1ccc(N)cn1.Cc1ccc(CC(=O)O)cc1,1.4351996,4.5280952
COc1ccc(N)cn1.Cc1ccc(F)cc1C(=O)O,7.050767,4.0589576
COc1ccc(N)cn1.O=C(O)C1(c2ccccc2)CC1,0.25850773,1.79676
COc1ccc(N)cn1.O=C(O)C1CCCN1C(=O)OCc1ccccc1,-1.0539004,0.23807222
COc1ccc(N)cn1.O=C(O)C1CN(C(=O)OCc2ccccc2)C1,-0.9481924,2.530776
COc1ccc(N)cn1.O=C(O)C1Cc2ccccc2C1,0.13806887,3.1801937
COc1ccc(N)cn1.O=C(O)COc1ccccc1,3.7710507,6.708218
COc1ccc(N)cn1.O=C(O)Cc1cc(F)cc(F)c1,-0.61174685,6.1548376
COc1ccc(N)cn1.O=C(O)Cc1ccc([N+](=O)[O-])cc1,-2.0061846,6.3201227
COc1ccc(N)cn1.O=C(O)Cc1ccc2c(c1)OCO2,0.8630583,4.9481983
COc1ccc(N)cn1.O=C(O)c1cc2ccccc2o1,7.993488,1.535239
COc1ccc(N)cn1.O=C(O)c1cc2ccccc2s1,8.397421,3.0900896
COc1ccc(N)cn1.O=C(O)c1ccc(Br)s1,8.826312,7.1051245
COc1ccc(N)cn1.O=C(O)c1ccc(C(F)(F)F)cn1,13.788331,4.198509
COc1ccc(N)cn1.O=C(O)c1ccc2nccnc2c1,9.941197,4.2467217
COc1ccc(N)cn1.O=C(O)c1cccc(-c2ccccc2)c1,8.1428385,3.9290483
COc1ccc(N)cn1.O=C(O)c1cnccn1,13.236259,4.73654
COc1ccc(S(N)(=O)=O)cc1.Cc1ccc(F)cc1C(=O)O,8.834323,4.7846594
COc1ccc(S(N)(=O)=O)cc1.O=C(O)c1ccnc(C(F)(F)F)c1,10.724288,5.4558744
CSc1ccc(N)cc1.COc1ncc(Br)cc1C(=O)O,9.558451,7.6596923
CSc1ccc(N)cc1.Cc1ccc(F)cc1C(=O)O,7.5391955,4.3068914
CSc1ccc(N)cc1.Cc1ccc2cc(C(=O)O)ccc2n1,9.035736,3.3015325
CSc1ccc(N)cc1.O=C(O)C(c1ccccc1)c1ccccc1,-1.0442128,1.484044
CSc1ccc(N)cc1.O=C(O)Cc1ccc([N+](=O)[O-])cc1,-1.4151781,6.552726
CSc1ccc(N)cc1.O=C(O)Cc1ccc2c(c1)OCO2,1.9046513,5.3851333
CSc1cccc(N)c1.COc1ccc(CC(=O)O)cc1,0.58459806,5.1157165
CSc1cccc(N)c1.COc1ncc(Br)cc1C(=O)O,9.788373,8.027296
CSc1cccc(N)c1.Cc1c(C(=O)O)oc2ccccc12,7.815789,2.3493862
CSc1cccc(N)c1.Cc1cc(C(=O)O)cc(Cl)n1,11.069056,4.3424597
CSc1cccc(N)c1.Cc1ccc(CC(=O)O)cc1,1.6266673,4.5886827
CSc1cccc(N)c1.Cc1ccc2cc(C(=O)O)ccc2n1,8.605427,3.2596002
CSc1cccc(N)c1.O=C(O)COc1ccccc1,3.2017038,7.543063
CSc1cccc(N)c1.O=C(O)Cc1ccc2c(c1)OCO2,1.292106,4.8727365
CSc1cccc(N)c1.O=C(O)c1ccc(C(F)(F)F)cn1,13.880003,4.068028
CSc1cccc(N)c1.O=C(O)c1ccc2c(c1)OC(F)(F)O2,9.339616,3.8944874
C[C@@H](N)c1ccccc1.Cc1cc(C(=O)O)cc(Cl)n1,10.141435,5.5459704
C[C@@H](N)c1ccccc1.Cc1ccc(C(=O)O)cc1F,8.481922,5.0450554
C[C@@H](N)c1ccccc1.O=C(O)/C=C/c1ccccc1,10.312664,2.597023
C[C@@H](N)c1ccccc1.O=C(O)C1c2ccccc2Oc2ccccc21,-1.6295966,-0.81992364
C[C@@H](N)c1ccccc1.O=C(O)Cc1cc(F)cc(F)c1,-1.0349437,5.0168686
C[C@@H](N)c1ccccc1.O=C(O)Cc1ccc2c(c1)OCO2,-0.22312784,4.205874
C[C@@H](N)c1ccccc1.O=C(O)c1cc2ccccc2o1,7.9309196,1.735819
C[C@@H](N)c1ccccc1.O=C(O)c1ccc(Br)s1,8.690056,6.716429
C[C@@H](N)c1ccccc1.O=C(O)c1ccc2nccnc2c1,9.554609,5.313594
C[C@@H](N)c1ccccc1.O=C(O)c1ccco1,9.680494,1.2831796
C[C@@H](N)c1ccccc1.O=C(O)c1ncccn1,14.453821,5.5185337
C[C@H](N)c1cccc2ccccc12.COc1ncc(Br)cc1C(=O)O,9.469799,6.801617
C[C@H](N)c1cccc2ccccc12.O=C(O)C1Cc2ccccc2C1,-0.6083662,3.348856
C[C@H](N)c1cccc2ccccc12.O=C(O)Cc1ccc2c(c1)OCO2,-0.26375842,4.466897
C[C@H](N)c1cccc2ccccc12.O=C(O)c1cc2ccccc2o1,7.957989,1.2726023
C[C@H](N)c1cccc2ccccc12.O=C(O)c1cc2ccccc2s1,8.240851,6.02262
C[C@H](N)c1cccc2ccccc12.O=C(O)c1ccc2c(c1)OCCO2,7.5610304,6.0656614
C[C@H](N)c1cccc2ccccc12.O=C(O)c1ccc2nccnc2c1,9.087359,5.842096
C[C@H](N)c1cccc2ccccc12.O=C(O)c1ncccn1,14.355068,5.391689
Cc1ccc(CN)cc1.CC(C)(C)c1cc(C(=O)O)cc(C(C)(C)C)c1,7.546823,4.7211246
Cc1ccc(CN)cc1.CC(C)Cc1ccc(C(C)C(=O)O)cc1,-1.3395569,0.9026511
Cc1ccc(CN)cc1.COc1cc(C(=O)O)cc(OC)c1OC,7.452361,5.1478004
Cc1ccc(CN)cc1.COc1ccc(CC(=O)O)cc1,-0.10641587,4.333558
Cc1ccc(CN)cc1.COc1ccc2cc(C(C)C(=O)O)ccc2c1,-2.4963467,0.68679655
Cc1ccc(CN)cc1.COc1ncc(Br)cc1C(=O)O,9.655091,7.1512537
Cc1ccc(CN)cc1.Cc1cc(C(=O)O)cc(Cl)n1,9.851348,5.7968454
Cc1ccc(CN)cc1.Cc1cc(C)c(C(=O)O)c(C)c1,6.153539,4.776362
Cc1ccc(CN)cc1.Cc1cc(C)cc(C(=O)O)c1,7.9976516,4.904306
Cc1ccc(CN)cc1.Cc1cccc(C)c1C(=O)O,6.131735,4.8426085
Cc1ccc(CN)cc1.N#Cc1ccc(C(=O)O)cc1,10.189074,3.061689
Cc1ccc(CN)cc1.O=C(O)/C=C/c1ccccc1,10.127088,2.5194802
Cc1ccc(CN)cc1.O=C(O)C(c1ccccc1)c1ccccc1,-1.0316556,1.0810112
Cc1ccc(CN)cc1.O=C(O)C1c2ccccc2Oc2ccccc21,-1.6455487,-0.68429404
Cc1ccc(CN)cc1.O=C(O)COc1ccccc1,2.7938497,7.1135917
Cc1ccc(CN)cc1.O=C(O)Cc1ccc([N+](=O)[O-])cc1,-2.1306367,5.9209657
Cc1ccc(CN)cc1.O=C(O)Cc1ccc2c(c1)C(=O)c1ccccc1CO2,-3.205478,3.6960287
Cc1ccc(CN)cc1.O=C(O)Cc1ccc2c(c1)OCO2,-0.15991206,4.0384545
Cc1ccc(CN)cc1.O=C(O)c1cc2ccccc2o1,8.146172,1.4522767
Cc1ccc(CN)cc1.O=C(O)c1cc2ccccc2s1,8.195625,5.119968
Cc1ccc(CN)cc1.O=C(O)c1ccc(Br)s1,8.851776,6.7022247
Cc1ccc(CN)cc1.O=C(O)c1ccc([N+](=O)[O-])cc1,10.190302,5.1818614
Cc1ccc(CN)cc1.O=C(O)c1ccc2c(c1)OCCO2,7.4746227,5.2088704
Cc1ccc(CN)cc1.O=C(O)c1ccc2nccnc2c1,9.435498,5.593513
Cc1ccc(CN)cc1.O=C(O)c1ncccn1,14.773541,5.0935655
Cc1ccc(Cl)c(N)c1.Cc1cc(C(=O)O)cc(Cl)n1,11.153629,4.442503
Cc1ccc(Cl)c(N)c1.O=C(O)Cc1cc(F)cc(F)c1,-1.1114681,6.241595
Cc1ccc(Cl)c(N)c1.O=C(O)Cc1ccc([N+](=O)[O-])cc1,-1.7154288,6.756315
Cc1ccc(Cl)c(N)c1.O=C(O)Cc1ccc2c(c1)OCO2,1.2657392,5.0196204
Cc1ccc(N)c(C)c1.CC(NC(=O)OCc1ccccc1)C(=O)O,-0.7303177,2.5159283
Cc1ccc(N)c(C)c1.COc1cc(C(=O)O)cc(OC)c1OC,7.8430085,3.5856798
Cc1ccc(N)c(C)c1.COc1ccc(CC(=O)O)cc1,0.74051803,4.5248966
Cc1ccc(N)c(C)c1.COc1ncc(Br)cc1C(=O)O,9.845899,7.5521564
Cc1ccc(N)c(C)c1.Cc1cc(C(=O)O)cc(Cl)n1,10.772207,4.5146236
Cc1ccc(N)c(C)c1.Cc1ccc(C(=O)O)cc1F,8.477465,3.7031112
Cc1ccc(N)c(C)c1.Cc1ccc(CC(=O)O)cc1,1.6901556,4.07028
Cc1ccc(N)c(C)c1.Cc1ccc2cc(C(=O)O)ccc2n1,8.856204,3.9390216
Cc1ccc(N)c(C)c1.O=C(O)COc1ccccc1,3.7183971,7.424489
Cc1ccc(N)c(C)c1.O=C(O)Cc1ccc2c(c1)OCO2,1.1639867,4.1446776
Cc1ccc(N)c(C)c1.O=C(O)c1ccc2c(c1)OC(F)(F)O2,9.298424,3.500802
Cc1ccc(N)c(C)c1.O=C(O)c1ccc2nccnc2c1,10.100469,3.8314586
Cc1ccc(N)c(C)c1.O=C(O)c1ccco1,9.705803,1.1237618
Cc1ccc(N)cc1.COc1ncc(Br)cc1C(=O)O,10.103415,7.3788176
Cc1ccc(N)cc1.Cc1cc(C(=O)O)cc(Cl)n1,10.533348,4.571408
Cc1ccc(N)cc1.Cc1ccc(F)cc1C(=O)O,7.2531114,3.8775175
Cc1ccc(N)cc1.O=C(O)C1Cc2ccccc2C1,0.38879785,3.186278
Cc1ccc(N)cc1.O=C(O)Cc1ccc([N+](=O)[O-])cc1,-1.5266256,6.4480247
Cc1ccc(N)cc1.O=C(O)Cc1ccc2c(c1)OCO2,1.0818063,4.5968995
Cc1ccc(N)cc1.O=C(O)c1cc2ccccc2s1,8.002951,2.940301
Cc1ccc(N)cc1.O=C(O)c1ccc2c(c1)OCCO2,8.080635,3.8297482
Cc1ccc(N)cc1.O=C(O)c1ccc2nccnc2c1,9.885515,3.9276009
Cc1ccc(N)cc1.O=C(O)c1ncccn1,14.536575,5.150765
Cc1ccc(N)nc1.O=C(O)Cc1ccc2c(c1)OCO2,1.6375514,5.018899
Cc1ccc(Oc2ccc(N)cc2)cc1.O=C(O)C1CCC(F)(F)CC1,2.43994,5.786913
Cc1ccc(Oc2ccc(N)cc2)cc1.O=C(O)C1CCCN1C(=O)OCc1ccccc1,-1.2084724,0.3780249
Cc1ccc(Oc2ccc(N)cc2)cc1.O=C(O)C1C[C@H]1c1ccccc1,6.0342627,3.1082938
Cc1ccc(Oc2ccc(N)cc2)cc1.O=C(O)Cc1ccc(C(F)(F)F)cc1,-0.40753016,6.3377743
Cc1ccc(Oc2ccc(N)cc2)cc1.O=C(O)Cc1ccc2c(c1)OCO2,0.7488942,5.561278
Cc1ccc(Oc2ccc(N)cc2)cc1.O=C(O)c1ccc(C(F)(F)F)cn1,12.827362,3.5484953
Cc1ccc(Oc2ccc(N)cc2)cc1.O=C(O)c1ccc(F)cn1,13.02961,3.4751143
Cc1ccc(S(N)(=O)=O)cc1.Cc1ccc(CC(=O)O)cc1,1.1553615,6.1547112
Cc1ccc([N+](=O)[O-])cc1N.CC(C(=O)O)c1ccc(-c2ccccc2)c(F)c1,-1.8703681,2.4594555
Cc1ccc([N+](=O)[O-])cc1N.COc1ccc(CC(=O)O)cc1,0.68608266,5.7058887
Cc1ccc([N+](=O)[O-])cc1N.Cc1cc(C(=O)O)cc(Cl)n1,11.5899935,4.5425515
Cc1ccc([N+](=O)[O-])cc1N.Cc1ccc(CC(=O)O)cc1,0.61364335,5.4894733
Cc1ccc([N+](=O)[O-])cc1N.O=C(O)Cc1ccc2c(c1)C(=O)c1ccccc1CO2,-2.9407523,4.548541
Cc1ccc([N+](=O)[O-])cc1N.O=C(O)Cc1ccc2c(c1)OCO2,0.7868847,5.511243
Cc1ccc([N+](=O)[O-])cc1N.O=C(O)c1ccc(C(F)(F)F)cn1,12.668319,4.2616343
Cc1ccc([N+](=O)[O-])cc1N.O=C(O)c1cnccn1,12.402645,4.727503
Cc1ccc([N+](=O)[O-])cc1N.O=C(O)c1ncccn1,14.01601,5.063548
Cc1ccc2cccc(N)c2n1.CC(C(=O)O)c1ccc(-c2ccccc2)c(F)c1,-1.8823894,2.1341946
Cc1ccc2cccc(N)c2n1.CC(C(=O)O)c1ccc(CC2CCCC2=O)cc1,-1.9499373,2.0389435
Cc1ccc2cccc(N)c2n1.COc1cc(C(=O)O)cc(OC)c1OC,8.112917,3.172937
Cc1ccc2cccc(N)c2n1.COc1ccc(CC(=O)O)cc1,1.7672184,5.1383047
Cc1ccc2cccc(N)c2n1.COc1ccc2cc(C(C)C(=O)O)ccc2c1,-1.692858,1.7437031
Cc1ccc2cccc(N)c2n1.COc1ncc(Br)cc1C(=O)O,9.701981,7.935122
Cc1ccc2cccc(N)c2n1.Cc1cc(C(=O)O)cc(Cl)n1,11.301637,3.8905516
Cc1ccc2cccc(N)c2n1.Cc1ccc(CC(=O)O)cc1,2.0783532,4.728572
Cc1ccc2cccc(N)c2n1.Cc1ccc(F)cc1C(=O)O,7.575612,3.7802794
Cc1ccc2cccc(N)c2n1.Cc1ccc2cc(C(=O)O)ccc2n1,9.101344,3.0511737
Cc1ccc2cccc(N)c2n1.N#Cc1ccc(C(=O)O)cc1,10.116558,3.1001897
Cc1ccc2cccc(N)c2n1.O=C(O)C(c1ccccc1)c1ccccc1,-0.7132753,1.6974065
Cc1ccc2cccc(N)c2n1.O=C(O)C1C[C@H]1c1ccccc1,6.4209337,3.2118413
Cc1ccc2cccc(N)c2n1.O=C(O)COc1ccccc1,3.428806,7.478842
Cc1ccc2cccc(N)c2n1.O=C(O)Cc1ccc(C(F)(F)F)cc1,-0.7870993,6.560095
Cc1ccc2cccc(N)c2n1.O=C(O)Cc1ccc2c(c1)C(=O)c1ccccc1CO2,-3.2039423,4.65588
Cc1ccc2cccc(N)c2n1.O=C(O)Cc1ccc2c(c1)OCO2,2.1055148,4.9278164
Cc1ccc2cccc(N)c2n1.O=C(O)c1cc(Cl)cc(Cl)n1,13.620115,3.244992
Cc1ccc2cccc(N)c2n1.O=C(O)c1cc2ccccc2s1,8.532916,2.4868014
Cc1ccc2cccc(N)c2n1.O=C(O)c1ccc(C(F)(F)F)cn1,13.803487,3.6767228
Cc1ccc2cccc(N)c2n1.O=C(O)c1ccc(F)cn1,13.338804,3.2457364
Cc1ccc2cccc(N)c2n1.O=C(O)c1ccc2c(c1)OCCO2,8.218353,3.0261579
Cc1ccc2cccc(N)c2n1.O=C(O)c1ccc2nccnc2c1,9.894929,3.4451213
Cc1ccc2cccc(N)c2n1.O=C(O)c1ncccn1,14.516388,4.7538614
Cc1cccc(N)c1C.COc1ccc(CC(=O)O)cc1,0.7766035,4.2058077
Cc1cccc(N)c1C.Cc1cc(C(=O)O)cc(Cl)n1,10.270286,4.365693
Cc1cccc(N)c1C.Cc1ccc(CC(=O)O)cc1,1.9641014,4.004325
Cc1cccc(N)c1C.Cc1ccc2cc(C(=O)O)ccc2n1,8.914715,3.836931
Cc1cccc(N)c1C.O=C(O)C1c2ccccc2Oc2ccccc21,-1.2993073,-0.946982
Cc1cccc(N)c1C.O=C(O)COc1ccccc1,3.5302308,7.3400393
Cc1cccc(N)c1C.O=C(O)Cc1ccc2c(c1)OCO2,0.97198594,4.2953916
Cc1cccc(N)c1C.O=C(O)c1ccc2c(c1)OC(F)(F)O2,9.3470955,3.9613843
Cc1cccc(N)c1C.O=C(O)c1ccc2nccnc2c1,9.928823,3.8685322
Cc1ccccc1N.COc1ccc(CC(=O)O)cc1,0.5065463,4.3200336
Cc1ccccc1N.COc1ncc(Br)cc1C(=O)O,9.92169,7.7156954
Cc1ccccc1N.Cc1cc(C(=O)O)cc(Cl)n1,10.298342,4.3608465
Cc1ccccc1N.Cc1ccc(CC(=O)O)cc1,1.5061326,4.0885277
Cc1ccccc1N.O=C(O)C1c2ccccc2Oc2ccccc21,-0.86005735,-0.4689541
Cc1ccccc1N.O=C(O)COc1ccccc1,3.634221,7.0348926
Cc1ccccc1N.O=C(O)Cc1ccc2c(c1)OCO2,0.7366438,4.7108502
Cc1ccccc1N.O=C(O)c1ccc2c(c1)OC(F)(F)O2,9.081361,3.4854298
Cc1cn(-c2cc(N)cc(C(F)(F)F)c2)cn1.O=C(O)Cc1ccc2c(c1)C(=O)c1ccccc1CO2,-2.2540972,4.1508493
Cn1c(N)nc2ccccc21.Cc1cc(C(=O)O)cc(Cl)n1,11.235313,4.970442
Cn1c(N)nc2ccccc21.Cn1cc(C(=O)O)c(C(F)F)n1,9.535978,2.2214313
Cn1c(N)nc2ccccc21.O=C(O)C1CC=CCC1,2.6503673,5.133998
Cn1c(N)nc2ccccc21.O=C(O)C1c2ccccc2Oc2ccccc21,-1.6584231,-0.5430464
Cn1c(N)nc2ccccc21.O=C(O)COc1ccccc1,3.247861,6.8028274
Cn1c(N)nc2ccccc21.O=C(O)c1ccc(F)cn1,13.652929,3.3824542
Cn1c(N)nc2ccccc21.O=C(O)c1ccnc(C(F)(F)F)c1,11.287725,5.056835
Cn1c(N)nc2ccccc21.O=C(O)c1cnccn1,13.463481,4.5687637
NC1CCCCC1.COc1ncc(Br)cc1C(=O)O,10.22683,7.2216187
NC1CCCCC1.Cc1ccc(F)cc1C(=O)O,7.7641344,4.366852
NC1CCCCC1.O=C(O)Cc1ccc([N+](=O)[O-])cc1,-2.0990999,6.1727166
NC1CCCCC1.O=C(O)c1ccc2nccnc2c1,9.399423,4.7822075
NC1CCc2ccccc21.Cc1cc(C(=O)O)cc(Cl)n1,10.198647,5.8047485
NC1CCc2ccccc21.Cc1ccc(F)cc1C(=O)O,7.3669386,4.6498365
NC1CCc2ccccc21.Cc1ccc2cc(C(=O)O)ccc2n1,8.482257,5.508349
NC1CCc2ccccc21.O=C(O)COc1ccccc1,2.7541337,7.142667
NC1CCc2ccccc21.O=C(O)c1ccc2nccnc2c1,9.364031,5.57637
NC1CCc2ccccc21.O=C(O)c1ccccc1Cc1ccccc1,6.963981,5.0782223
NCc1ccc(Br)cc1.CC(C)(C)OC(=O)N1CC2(CC2)CC1C(=O)O,-0.7702433,-0.13132823
NCc1ccc(Br)cc1.Cc1c(C(=O)O)oc2ccccc12,7.209633,2.9551463
NCc1ccc(Br)cc1.O=C(O)C1CCN(C(=O)OCc2ccccc2)CC1,-1.9480131,0.69644785
NCc1ccc(Br)cc1.O=C(O)C1C[C@H]1c1ccccc1,6.327561,3.7778049
NCc1ccc(Br)cc1.O=C(O)c1cc(Cl)cc(Cl)n1,13.917993,4.105058
NCc1ccc(Cl)cc1.CC(C)(C(=O)O)c1ccccc1,-0.030485958,0.45348594
NCc1ccc(Cl)cc1.Cc1cc(C)c(C(=O)O)c(C)c1,6.021576,4.627947
NCc1ccc(Cl)cc1.Cc1ccc(CC(=O)O)cc1,-0.11518296,3.8434098
NCc1ccc(Cl)cc1.O=C(O)/C=C/c1ccccc1,10.277651,2.2253036
NCc1ccc(Cl)cc1.O=C(O)C(c1ccccc1)c1ccccc1,-0.74143666,0.9390381
NCc1ccc(Cl)cc1.O=C(O)C1Cc2ccccc2C1,-0.374186,2.8586056
NCc1ccc(Cl)cc1.O=C(O)C1c2ccccc2Oc2ccccc21,-1.4449649,-0.3354507
NCc1ccc(Cl)cc1.O=C(O)Cc1cc(F)cc(F)c1,-1.4560844,5.090954
NCc1ccc(Cl)cc1.O=C(O)Cc1ccc(C(F)(F)F)cc1,-1.5726386,5.2743464
NCc1ccc(Cl)cc1.O=C(O)c1cc2ccccc2s1,8.192849,5.5647383
NCc1ccc(Cl)cc1.O=C(O)c1ccc2c(c1)OCCO2,7.5594254,5.7405553
NCc1ccc(Cl)cc1.O=C(O)c1ccc2nccnc2c1,9.288787,5.7518525
NCc1ccc(Cl)cc1.O=C(O)c1cccc(-c2ccccc2)c1,7.496469,5.660182
NCc1ccc(Cl)cc1.O=C(O)c1ccco1,9.814425,1.5626435
NCc1ccc(F)cc1.CC(C(=O)O)c1ccc(-c2ccccc2)c(F)c1,-2.0110996,0.5496679
NCc1ccc(F)cc1.COc1ccc2cc(C(C)C(=O)O)ccc2c1,-2.2617416,1.0761325
NCc1ccc(F)cc1.Cc1cc(C)c(C(=O)O)c(C)c1,6.100403,4.957589
NCc1ccc(F)cc1.Cc1cc(C)cc(C(=O)O)c1,7.603297,5.522354
NCc1ccc(F)cc1.Cc1ccc(C(=O)O)c2ccccc12,7.3906794,5.723756
NCc1ccc(F)cc1.Cc1ccc(C(=O)O)cc1F,8.038874,5.4780955
NCc1ccc(F)cc1.O=C(O)Cc1ccc2c(c1)C(=O)c1ccccc1CO2,-3.4801223,3.968693
NCc1ccc(F)cc1.O=C(O)Cc1ccc2c(c1)OCO2,-0.38829786,4.534135
NCc1ccc(F)cc1F.CC(C)(C(=O)O)c1ccccc1,-0.21174802,0.52764446
NCc1ccc(F)cc1F.COc1ccc2cc(C(C)C(=O)O)ccc2c1,-2.5905802,0.32174122
NCc1ccc(F)cc1F.COc1ncc(Br)cc1C(=O)O,9.49764,6.9229083
NCc1ccc(F)cc1F.Cc1cc(C(=O)O)cc(Cl)n1,9.915466,5.773119
NCc1ccc(F)cc1F.Cc1cc(C)cc(C(=O)O)c1,7.4163723,5.5850525
NCc1ccc(F)cc1F.Cc1ccc2cc(C(=O)O)ccc2n1,8.476443,5.9917274
NCc1ccc(F)cc1F.O=C(O)C(c1ccccc1)c1ccccc1,-0.81779265,1.0406902
NCc1ccc(F)cc1F.O=C(O)Cc1ccc(C(F)(F)F)cc1,-1.7027398,5.4796424
NCc1ccc(F)cc1F.O=C(O)Cc1ccc2c(c1)C(=O)c1ccccc1CO2,-3.6548796,4.0847254
NCc1ccc(F)cc1F.O=C(O)Cc1ccc2c(c1)OCO2,-0.094197586,4.0380354
NCc1ccc(F)cc1F.O=C(O)c1cc2ccccc2o1,8.138894,1.8721439
NCc1ccc(F)cc1F.O=C(O)c1ccc(Br)s1,8.448189,6.951192
NCc1ccc(F)cc1F.O=C(O)c1ccc2nccnc2c1,9.209314,5.6698575
NCc1ccc(F)cc1F.O=C(O)c1ccco1,9.917992,1.6440799
NCc1ccc(F)cc1F.O=C(O)c1cnccn1,13.051685,5.042325
NCc1ccc(F)cc1F.O=C(O)c1ncccn1,14.281207,5.662549
NCc1ccc2c(c1)OCO2.CC(C(=O)O)c1ccc(-c2ccccc2)c(F)c1,-2.0851967,0.8059266
NCc1ccc2c(c1)OCO2.CC(C(=O)O)c1ccc(CBr)cc1,-1.8667377,0.6750152
NCc1ccc2c(c1)OCO2.CC(C(=O)O)c1ccc(CC2CCCC2=O)cc1,-2.261228,1.1774398
NCc1ccc2c(c1)OCO2.CC(C)(C(=O)O)c1ccccc1,-0.44863492,0.7764504
NCc1ccc2c(c1)OCO2.Cc1ccc(CC(=O)O)cc1,0.0742925,3.9726498
NCc1ccc2c(c1)OCO2.O=C(O)/C=C/c1ccccc1,10.236554,2.5117326
NCc1ccc2c(c1)OCO2.O=C(O)C1CCN(C(=O)OCc2ccccc2)CC1,-2.3660314,1.0825039
NCc1ccc2c(c1)OCO2.O=C(O)C1C[C@H]1c1ccccc1,5.731938,3.7621837
NCc1ccc2c(c1)OCO2.O=C(O)C1c2ccccc2Oc2ccccc21,-1.8127799,-0.16795336
NCc1ccc2c(c1)OCO2.O=C(O)COc1ccccc1,3.0125787,7.3166094
NCc1ccc2c(c1)OCO2.O=C(O)Cc1cc(F)cc(F)c1,-1.1961534,4.9017763
NCc1ccc2c(c1)OCO2.O=C(O)Cc1ccc2c(c1)C(=O)c1ccccc1CO2,-3.151933,3.9567862
NCc1ccc2c(c1)OCO2.O=C(O)c1ccc(C(F)(F)F)cn1,13.407213,4.449138
NCc1ccc2c(c1)OCO2.O=C(O)c1ccco1,9.806983,1.733058
NCc1ccc2c(c1)OCO2.O=C(O)c1ncccn1,14.627258,5.2732134
NCc1cccc2ccccc12.CC(C(=O)O)c1ccc(CC2CCCC2=O)cc1,-2.1260295,1.1527162
NCc1cccc2ccccc12.CC(C)(C(=O)O)c1ccccc1,-0.2977347,0.4597321
NCc1cccc2ccccc12.COc1ncc(Br)cc1C(=O)O,9.162268,6.9486885
NCc1cccc2ccccc12.Cc1cc(C(=O)O)cc(Cl)n1,10.068725,6.16218
NCc1cccc2ccccc12.Cc1ccc(CC(=O)O)cc1,-0.36329854,4.306071
NCc1cccc2ccccc12.Cc1ccc(F)cc1C(=O)O,7.892768,5.182131
NCc1cccc2ccccc12.Cc1ccc2cc(C(=O)O)ccc2n1,8.538986,6.207359
NCc1cccc2ccccc12.O=C(O)/C=C/c1ccccc1,10.384344,2.2369153
NCc1cccc2ccccc12.O=C(O)C(c1ccccc1)c1ccccc1,-0.99521214,1.1733987
NCc1cccc2ccccc12.O=C(O)C1Cc2ccccc2C1,-0.7362435,3.273794
NCc1cccc2ccccc12.O=C(O)COc1ccccc1,2.5913985,7.338236
NCc1cccc2ccccc12.O=C(O)Cc1cc(F)cc(F)c1,-0.9491631,4.8981314
NCc1cccc2ccccc12.O=C(O)Cc1ccc2c(c1)C(=O)c1ccccc1CO2,-2.894345,3.6640902
NCc1cccc2ccccc12.O=C(O)Cc1ccc2c(c1)OCO2,-0.2474698,4.744161
NCc1cccc2ccccc12.O=C(O)c1cc2ccccc2s1,8.258943,6.2768097
NCc1cccc2ccccc12.O=C(O)c1ccc2nccnc2c1,9.34009,5.933146
NCc1cccc2ccccc12.O=C(O)c1cccc(-c2ccccc2)c1,7.664461,6.1584806
NCc1cccc2ccccc12.O=C(O)c1cnccn1,13.117067,5.0371776
NCc1cccc2ccccc12.O=C(O)c1ncccn1,14.118387,5.5335555
NCc1ccccc1.CC(C(=O)O)c1ccc(-c2ccccc2)c(F)c1,-2.0130734,0.48904133
NCc1ccccc1.CC(C)(C(=O)O)c1ccccc1,-0.26165405,0.4465589
NCc1ccccc1.COc1ccc2cc(C(C)C(=O)O)ccc2c1,-2.1554043,0.840539
NCc1ccccc1.Cc1ccc2cc(C(=O)O)ccc2n1,8.533828,5.707933
NCc1ccccc1.N#Cc1ccc(C(=O)O)cc1,10.029641,3.1294622
NCc1ccccc1.O=C(O)C(c1ccccc1)c1ccccc1,-0.61872494,1.1519179
NCc1ccccc1.O=C(O)C1c2ccccc2Oc2ccccc21,-1.6327167,-0.21172467
NCc1ccccc1.O=C(O)Cc1ccc(C(F)(F)F)cc1,-1.8205497,5.516556
NCc1ccccc1.O=C(O)Cc1ccc2c(c1)C(=O)c1ccccc1CO2,-3.2829235,3.4919987
NCc1ccccc1.O=C(O)c1ccc([N+](=O)[O-])cc1,10.1468315,5.354742
NCc1ccccc1C(F)(F)F.Cc1ccc(CC(=O)O)cc1,0.41769207,4.648093
NCc1ccccc1C(F)(F)F.Cc1ccc(F)cc1C(=O)O,7.645836,4.919361
NCc1ccccc1C(F)(F)F.Cc1ccc2cc(C(=O)O)ccc2n1,8.564085,5.6191916
NCc1ccccc1C(F)(F)F.O=C(O)C(c1ccccc1)c1ccccc1,-0.39182281,1.2033688
NCc1ccccc1C(F)(F)F.O=C(O)Cc1ccc2c(c1)C(=O)c1ccccc1CO2,-3.6032605,4.199911
NCc1ccccc1C(F)(F)F.O=C(O)c1ccc(Br)s1,8.427798,6.7639856
NCc1ccccc1C(F)(F)F.O=C(O)c1ccc2nccnc2c1,8.832061,5.251667
NCc1ccccc1C(F)(F)F.O=C(O)c1cccc(-c2ccccc2)c1,7.9227586,5.424702
NCc1ccco1.Cc1ccc(CC(=O)O)cc1,0.5155908,3.6349182
NCc1ccco1.Cc1ccc2cc(C(=O)O)ccc2n1,8.772929,4.9621487
NCc1ccco1.O=C(O)C1Cc2ccccc2C1,-0.016968276,2.734136
NCc1ccco1.O=C(O)Cc1ccc([N+](=O)[O-])cc1,-2.3417304,6.0385094
NCc1ccco1.O=C(O)Cc1ccc2c(c1)C(=O)c1ccccc1CO2,-3.5227115,3.6984522
NCc1ccco1.O=C(O)c1ccc(C(F)(F)F)cn1,12.993521,4.5396514
NS(=O)(=O)c1cc(F)cc(F)c1.Cc1ccc(CC(=O)O)cc1,1.497212,6.14309
NS(=O)(=O)c1cc(F)cc(F)c1.O=C(O)COc1ccccc1,2.4181926,6.504312
NS(=O)(=O)c1cc(F)cc(F)c1.O=C(O)c1ccnc(C(F)(F)F)c1,10.358922,5.3062673
Nc1ccc(Cl)cc1.COc1ccc(CC(=O)O)cc1,0.73978055,5.356799
Nc1ccc(Cl)cc1.COc1ccc2cc(C(C)C(=O)O)ccc2c1,-2.1125517,1.6579235
Nc1ccc(Cl)cc1.Cc1cc(C(=O)O)cc(Cl)n1,11.051273,4.609343
Nc1ccc(Cl)cc1.Cc1ccc(C(=O)O)cc1F,8.816421,3.9682338
Nc1ccc(Cl)cc1.Cn1cc(C(=O)O)c(C(F)F)n1,9.270235,2.1715002
Nc1ccc(Cl)cc1.O=C(O)COc1ccccc1,3.5236516,7.242626
Nc1ccc(Cl)cc1.O=C(O)Cc1ccc(C(F)(F)F)cc1,-1.29333,6.224578
Nc1ccc(Cl)cc1.O=C(O)Cc1ccc2c(c1)OCO2,1.2721088,5.361304
Nc1ccc(Cl)cc1.O=C(O)c1ccc(C(F)(F)F)cn1,13.6071825,3.9787948
Nc1ccc(Cl)cn1.COc1ncc(Br)cc1C(=O)O,9.990714,7.4210773
Nc1ccc(F)nc1.Cc1ccc2cc(C(=O)O)ccc2n1,9.279459,4.096214
Nc1ccc(F)nc1.O=C(O)C(c1ccccc1)c1ccccc1,-0.7334426,1.7219821
Nc1ccc(F)nc1.O=C(O)COc1ccccc1,3.1843379,6.6779184
Nc1ccc(F)nc1.O=C(O)Cc1cc(F)cc(F)c1,-0.45187876,5.937926
Nc1ccc(F)nc1.O=C(O)Cc1ccc2c(c1)C(=O)c1ccccc1CO2,-3.576592,4.3681016
Nc1ccc(F)nc1.O=C(O)Cc1ccc2c(c1)OCO2,0.69458425,5.3812246
Nc1ccc2c(c1)OCCO2.O=C(O)COc1ccccc1,3.8110106,7.0190954
Nc1ccc2c(c1)OCCO2.O=C(O)Cc1cc(F)cc(F)c1,-0.7206226,5.674216
Nc1ccc2c(c1)OCCO2.O=C(O)Cc1ccc2c(c1)C(=O)c1ccccc1CO2,-2.843941,4.209802
Nc1ccc2c(c1)OCCO2.O=C(O)Cc1ccc2c(c1)OCO2,0.8911785,4.7047753
Nc1ccc2nccnc2c1.COc1ccc(CC(=O)O)cc1,0.9332142,5.589655
Nc1ccc2nccnc2c1.Cc1cc(C(=O)O)cc(Cl)n1,11.063186,5.0302362
Nc1ccc2nccnc2c1.O=C(O)C1c2ccccc2Oc2ccccc21,-1.1746274,-0.7476805
Nc1ccc2nccnc2c1.O=C(O)c1ccnc(C(F)(F)F)c1,11.345855,5.095793
Nc1ccc2nccnc2c1.O=C(O)c1cnccn1,13.447648,4.6259685
Nc1ccc2scnc2c1.O=C(O)C(c1ccccc1)c1ccccc1,-0.54310316,1.6706597
Nc1ccc2scnc2c1.O=C(O)Cc1cc(F)cc(F)c1,-0.49443153,6.2387047
Nc1ccc2scnc2c1.O=C(O)Cc1ccc2c(c1)C(=O)c1ccccc1CO2,-3.1161904,4.279173
Nc1ccc2scnc2c1.O=C(O)Cc1ccc2c(c1)OCO2,1.4002496,5.323133
Nc1ccncc1[N+](=O)[O-].O=C(O)C1c2ccccc2Oc2ccccc21,-1.0754291,-0.58326274
Nc1ccncc1[N+](=O)[O-].O=C(O)Cc1ccc2c(c1)C(=O)c1ccccc1CO2,-3.0803862,4.8138676
Nc1nccc(Cl)n1.O=C(O)C1c2ccccc2Oc2ccccc21,-1.1004844,-0.83160913
