,amine_smiles,acid_smiles,rate
1,Nc1ccc(F)cc1,O=C(Cl)c1ccc(F)cc1,1.2921142450701282
3,Nc1ccccc1,O=C(Cl)c1ccc(F)cc1,1.2522770746338756
4,Cc1cc(C)c(N)c(C)c1,O=C(Cl)c1ccc(F)cc1,1.2044252573753107
5,CCCCCCCc1ccc(N)cc1,O=C(Cl)c1ccc(F)cc1,1.817767004871492
6,CC(C)c1cccc(C(C)C)c1N,O=C(Cl)c1ccc(F)cc1,1.101843606124731
7,C1CCC(NC2CCCCC2)CC1,O=C(Cl)c1ccc(F)cc1,1.218509956186261
8,CCCCCCc1ccc(N)cc1,O=C(Cl)c1ccc(F)cc1,1.8264746417233315
9,CSc1ccccc1N,O=C(Cl)c1ccc(F)cc1,1.0805253653347806
10,Nc1ccccc1-c1ccccc1,O=C(Cl)c1ccc(F)cc1,1.2657553869643257
12,CC(C)NC(C)C,O=C(Cl)c1ccc(F)cc1,1.0636259425726358
13,Nc1ccc(Br)cc1,O=C(Cl)c1ccc(F)cc1,1.0274836417663407
15,Nc1cccc2cccnc12,O=C(Cl)c1ccc(F)cc1,1.164851649748408
16,CC(=O)c1cccc(N)c1,O=C(Cl)c1ccc(F)cc1,1.0671851709751985
18,COc1ccc(C(F)(F)F)cc1N,O=C(Cl)c1ccc(F)cc1,1.0022709318594545
19,COCCOc1ccccc1N,O=C(Cl)c1ccc(F)cc1,1.6464938424872213
21,CC1CCCC(C)N1,O=C(Cl)c1ccc(F)cc1,1.0520852178173188
22,C=Cc1ccc(N)cc1,O=C(Cl)c1ccc(F)cc1,1.1363672707534083
24,Cc1cccc(N)c1,O=C(Cl)c1ccc(F)cc1,1.470832636830519
25,CC(C)NC1CCCCC1,O=C(Cl)c1ccc(F)cc1,0.8980635012860668
26,COc1ccccc1N,O=C(Cl)c1ccc(F)cc1,1.586274097840673
27,NC(c1ccccc1)(c1ccccc1)c1ccccc1,O=C(Cl)c1ccc(F)cc1,0.8485011653828017
28,Cc1cccc(C)c1N,O=C(Cl)c1ccc(F)cc1,0.7846502738000665
29,CC1CN(C(=O)OC(C)(C)C)CC(C)N1,O=C(Cl)c1ccc(F)cc1,1.2235683631981462
30,N#CCCNc1ccccc1,O=C(Cl)c1ccc(F)cc1,0.8143340044767117
31,Nc1ccccc1F,O=C(Cl)c1ccc(F)cc1,0.8800889326194261
32,COc1cccc(N)c1,O=C(Cl)c1ccc(F)cc1,1.1628270355336134
33,Nc1ccc(C(=O)c2ccccc2)cc1,O=C(Cl)c1ccc(F)cc1,0.9770964596724829
34,Nc1ccc(Oc2ccc(F)cc2)cc1,O=C(Cl)c1ccc(F)cc1,1.3386945307066747
52,Nc1ccc(F)cc1,O=C(Cl)c1ccccc1,1.312588285611738
54,Nc1ccccc1,O=C(Cl)c1ccccc1,1.2035382082960937
55,Cc1cc(C)c(N)c(C)c1,O=C(Cl)c1ccccc1,1.2339887782299857
56,CCCCCCCc1ccc(N)cc1,O=C(Cl)c1ccccc1,1.7055273278311807
57,CC(C)c1cccc(C(C)C)c1N,O=C(Cl)c1ccccc1,0.9425613296694012
58,C1CCC(NC2CCCCC2)CC1,O=C(Cl)c1ccccc1,1.0691919817071538
59,CCCCCCc1ccc(N)cc1,O=C(Cl)c1ccccc1,1.7192432632314303
60,CSc1ccccc1N,O=C(Cl)c1ccccc1,0.9309632204514595
61,Nc1ccccc1-c1ccccc1,O=C(Cl)c1ccccc1,0.9334531500496517
63,CC(C)NC(C)C,O=C(Cl)c1ccccc1,1.0452766085283072
64,Nc1ccc(Br)cc1,O=C(Cl)c1ccccc1,0.9628936387897244
66,Nc1cccc2cccnc12,O=C(Cl)c1ccccc1,1.1067616624742025
67,CC(=O)c1cccc(N)c1,O=C(Cl)c1ccccc1,1.0344337536187767
69,COc1ccc(C(F)(F)F)cc1N,O=C(Cl)c1ccccc1,1.0243384337450268
70,COCCOc1ccccc1N,O=C(Cl)c1ccccc1,1.495049651469867
72,CC1CCCC(C)N1,O=C(Cl)c1ccccc1,1.074694092747203
73,C=Cc1ccc(N)cc1,O=C(Cl)c1ccccc1,1.1463435786811749
75,Cc1cccc(N)c1,O=C(Cl)c1ccccc1,1.4043925984520433
76,CC(C)NC1CCCCC1,O=C(Cl)c1ccccc1,1.117140666422203
77,COc1ccccc1N,O=C(Cl)c1ccccc1,1.3874981217853861
78,NC(c1ccccc1)(c1ccccc1)c1ccccc1,O=C(Cl)c1ccccc1,0.9511730740743746
79,Cc1cccc(C)c1N,O=C(Cl)c1ccccc1,0.9076628249271965
80,CC1CN(C(=O)OC(C)(C)C)CC(C)N1,O=C(Cl)c1ccccc1,0.9086139136323077
81,N#CCCNc1ccccc1,O=C(Cl)c1ccccc1,0.8552381526285389
82,Nc1ccccc1F,O=C(Cl)c1ccccc1,0.8923706502854135
83,COc1cccc(N)c1,O=C(Cl)c1ccccc1,1.0561405737264316
84,Nc1ccc(C(=O)c2ccccc2)cc1,O=C(Cl)c1ccccc1,0.9083784165263511
85,Nc1ccc(Oc2ccc(F)cc2)cc1,O=C(Cl)c1ccccc1,1.4613842639416232
87,Nc1ccc(F)cc1,CC(C)(C)c1ccc(C(=O)Cl)cc1,0.9030638025340028
89,Nc1ccccc1,CC(C)(C)c1ccc(C(=O)Cl)cc1,0.9088330797392212
90,Cc1cc(C)c(N)c(C)c1,CC(C)(C)c1ccc(C(=O)Cl)cc1,0.9438394076863004
91,CCCCCCCc1ccc(N)cc1,CC(C)(C)c1ccc(C(=O)Cl)cc1,1.4285596292072016
92,CC(C)c1cccc(C(C)C)c1N,CC(C)(C)c1ccc(C(=O)Cl)cc1,0.5795847812746173
93,C1CCC(NC2CCCCC2)CC1,CC(C)(C)c1ccc(C(=O)Cl)cc1,0.6102765408469427
94,CCCCCCc1ccc(N)cc1,CC(C)(C)c1ccc(C(=O)Cl)cc1,1.4475084101275153
95,CSc1ccccc1N,CC(C)(C)c1ccc(C(=O)Cl)cc1,0.6125723326154966
96,Nc1ccccc1-c1ccccc1,CC(C)(C)c1ccc(C(=O)Cl)cc1,0.557038367205222
98,CC(C)NC(C)C,CC(C)(C)c1ccc(C(=O)Cl)cc1,0.6214944173631874
99,Nc1ccc(Br)cc1,CC(C)(C)c1ccc(C(=O)Cl)cc1,0.4794934918675541
101,Nc1cccc2cccnc12,CC(C)(C)c1ccc(C(=O)Cl)cc1,0.7334540909561262
102,CC(=O)c1cccc(N)c1,CC(C)(C)c1ccc(C(=O)Cl)cc1,0.5344674105530216
104,COc1ccc(C(F)(F)F)cc1N,CC(C)(C)c1ccc(C(=O)Cl)cc1,0.471426243159992
105,COCCOc1ccccc1N,CC(C)(C)c1ccc(C(=O)Cl)cc1,1.1665875050799814
107,CC1CCCC(C)N1,CC(C)(C)c1ccc(C(=O)Cl)cc1,0.593689997223698
108,C=Cc1ccc(N)cc1,CC(C)(C)c1ccc(C(=O)Cl)cc1,0.6774400883591186
110,Cc1cccc(N)c1,CC(C)(C)c1ccc(C(=O)Cl)cc1,1.0572081587616609
111,CC(C)NC1CCCCC1,CC(C)(C)c1ccc(C(=O)Cl)cc1,0.7401793267991856
112,COc1ccccc1N,CC(C)(C)c1ccc(C(=O)Cl)cc1,1.0194366387904377
113,NC(c1ccccc1)(c1ccccc1)c1ccccc1,CC(C)(C)c1ccc(C(=O)Cl)cc1,0.6840178172604846
114,Cc1cccc(C)c1N,CC(C)(C)c1ccc(C(=O)Cl)cc1,0.6903005964605246
115,CC1CN(C(=O)OC(C)(C)C)CC(C)N1,CC(C)(C)c1ccc(C(=O)Cl)cc1,0.6857171468092812
116,N#CCCNc1ccccc1,CC(C)(C)c1ccc(C(=O)Cl)cc1,0.5487860985303848
117,Nc1ccccc1F,CC(C)(C)c1ccc(C(=O)Cl)cc1,0.6345308142610844
118,COc1cccc(N)c1,CC(C)(C)c1ccc(C(=O)Cl)cc1,0.7966380666602614
119,Nc1ccc(C(=O)c2ccccc2)cc1,CC(C)(C)c1ccc(C(=O)Cl)cc1,0.7718229539634089
120,Nc1ccc(Oc2ccc(F)cc2)cc1,CC(C)(C)c1ccc(C(=O)Cl)cc1,1.1448950451451592
122,Nc1ccc(F)cc1,O=C(Cl)c1ccc(F)cc1F,2.509494237018178
124,Nc1ccccc1,O=C(Cl)c1ccc(F)cc1F,2.6399324657099825
125,Cc1cc(C)c(N)c(C)c1,O=C(Cl)c1ccc(F)cc1F,2.1656023725880345
126,CCCCCCCc1ccc(N)cc1,O=C(Cl)c1ccc(F)cc1F,2.746594283961722
127,CC(C)c1cccc(C(C)C)c1N,O=C(Cl)c1ccc(F)cc1F,1.6484743257625258
128,C1CCC(NC2CCCCC2)CC1,O=C(Cl)c1ccc(F)cc1F,1.9558139377153672
129,CCCCCCc1ccc(N)cc1,O=C(Cl)c1ccc(F)cc1F,2.861562615965892
130,CSc1ccccc1N,O=C(Cl)c1ccc(F)cc1F,1.6829226545271925
131,Nc1ccccc1-c1ccccc1,O=C(Cl)c1ccc(F)cc1F,2.0392841861988047
133,CC(C)NC(C)C,O=C(Cl)c1ccc(F)cc1F,1.977088178356645
134,Nc1ccc(Br)cc1,O=C(Cl)c1ccc(F)cc1F,1.9463730168245885
136,Nc1cccc2cccnc12,O=C(Cl)c1ccc(F)cc1F,2.1606407336039255
137,CC(=O)c1cccc(N)c1,O=C(Cl)c1ccc(F)cc1F,1.9434478980745533
139,COc1ccc(C(F)(F)F)cc1N,O=C(Cl)c1ccc(F)cc1F,1.8146600728698188
140,COCCOc1ccccc1N,O=C(Cl)c1ccc(F)cc1F,2.574983037305581
142,CC1CCCC(C)N1,O=C(Cl)c1ccc(F)cc1F,1.950792524970879
143,C=Cc1ccc(N)cc1,O=C(Cl)c1ccc(F)cc1F,2.1711444124710546
145,Cc1cccc(N)c1,O=C(Cl)c1ccc(F)cc1F,2.6938827177131124
146,CC(C)NC1CCCCC1,O=C(Cl)c1ccc(F)cc1F,2.0262176690550353
147,COc1ccccc1N,O=C(Cl)c1ccc(F)cc1F,2.5265080260426713
148,NC(c1ccccc1)(c1ccccc1)c1ccccc1,O=C(Cl)c1ccc(F)cc1F,1.8627753291183355
149,Cc1cccc(C)c1N,O=C(Cl)c1ccc(F)cc1F,1.9946413831451872
150,CC1CN(C(=O)OC(C)(C)C)CC(C)N1,O=C(Cl)c1ccc(F)cc1F,2.2769825640923824
151,N#CCCNc1ccccc1,O=C(Cl)c1ccc(F)cc1F,1.9612065655905784
152,Nc1ccccc1F,O=C(Cl)c1ccc(F)cc1F,1.8651442560450189
153,COc1cccc(N)c1,O=C(Cl)c1ccc(F)cc1F,2.415679611373922
154,Nc1ccc(C(=O)c2ccccc2)cc1,O=C(Cl)c1ccc(F)cc1F,1.8614002365692919
155,Nc1ccc(Oc2ccc(F)cc2)cc1,O=C(Cl)c1ccc(F)cc1F,2.6899776075782946
157,Nc1ccc(F)cc1,O=C(Cl)c1ccc(C(F)(F)F)cc1,2.2363046660079378
159,Nc1ccccc1,O=C(Cl)c1ccc(C(F)(F)F)cc1,1.8153604221386266
160,Cc1cc(C)c(N)c(C)c1,O=C(Cl)c1ccc(C(F)(F)F)cc1,1.6600519382649341
161,CCCCCCCc1ccc(N)cc1,O=C(Cl)c1ccc(C(F)(F)F)cc1,2.2852797946208634
162,CC(C)c1cccc(C(C)C)c1N,O=C(Cl)c1ccc(C(F)(F)F)cc1,1.6084596239109674
163,C1CCC(NC2CCCCC2)CC1,O=C(Cl)c1ccc(C(F)(F)F)cc1,1.9149387071586668
164,CCCCCCc1ccc(N)cc1,O=C(Cl)c1ccc(C(F)(F)F)cc1,2.4520653658648475
165,CSc1ccccc1N,O=C(Cl)c1ccc(C(F)(F)F)cc1,1.6421905826041154
166,Nc1ccccc1-c1ccccc1,O=C(Cl)c1ccc(C(F)(F)F)cc1,1.7962716853413858
168,CC(C)NC(C)C,O=C(Cl)c1ccc(C(F)(F)F)cc1,2.01005807718128
169,Nc1ccc(Br)cc1,O=C(Cl)c1ccc(C(F)(F)F)cc1,1.8093219936130798
171,Nc1cccc2cccnc12,O=C(Cl)c1ccc(C(F)(F)F)cc1,1.9717961875899186
172,CC(=O)c1cccc(N)c1,O=C(Cl)c1ccc(C(F)(F)F)cc1,1.8498403404978054
174,COc1ccc(C(F)(F)F)cc1N,O=C(Cl)c1ccc(C(F)(F)F)cc1,1.8198094960806444
175,COCCOc1ccccc1N,O=C(Cl)c1ccc(C(F)(F)F)cc1,2.5587771199465505
177,CC1CCCC(C)N1,O=C(Cl)c1ccc(C(F)(F)F)cc1,2.05020011920372
178,C=Cc1ccc(N)cc1,O=C(Cl)c1ccc(C(F)(F)F)cc1,1.9170465141590325
180,Cc1cccc(N)c1,O=C(Cl)c1ccc(C(F)(F)F)cc1,2.5989404267967333
181,CC(C)NC1CCCCC1,O=C(Cl)c1ccc(C(F)(F)F)cc1,2.3232680404466337
182,COc1ccccc1N,O=C(Cl)c1ccc(C(F)(F)F)cc1,2.7436807317805516
183,NC(c1ccccc1)(c1ccccc1)c1ccccc1,O=C(Cl)c1ccc(C(F)(F)F)cc1,2.2848414351859865
184,Cc1cccc(C)c1N,O=C(Cl)c1ccc(C(F)(F)F)cc1,2.354438367799905
185,CC1CN(C(=O)OC(C)(C)C)CC(C)N1,O=C(Cl)c1ccc(C(F)(F)F)cc1,2.5383644107322194
186,N#CCCNc1ccccc1,O=C(Cl)c1ccc(C(F)(F)F)cc1,2.3061953142468594
187,Nc1ccccc1F,O=C(Cl)c1ccc(C(F)(F)F)cc1,2.2670475092258333
188,COc1cccc(N)c1,O=C(Cl)c1ccc(C(F)(F)F)cc1,2.3116211970917626
189,Nc1ccc(C(=O)c2ccccc2)cc1,O=C(Cl)c1ccc(C(F)(F)F)cc1,2.2563863668783495
190,Nc1ccc(Oc2ccc(F)cc2)cc1,O=C(Cl)c1ccc(C(F)(F)F)cc1,2.1018519162644163
192,Nc1ccc(F)cc1,O=C(Cl)c1ccc(-c2ccccc2)cc1,1.131993294689315
194,Nc1ccccc1,O=C(Cl)c1ccc(-c2ccccc2)cc1,1.1259522597373337
195,Cc1cc(C)c(N)c(C)c1,O=C(Cl)c1ccc(-c2ccccc2)cc1,1.0633381447980197
196,CCCCCCCc1ccc(N)cc1,O=C(Cl)c1ccc(-c2ccccc2)cc1,1.7080406315219505
197,CC(C)c1cccc(C(C)C)c1N,O=C(Cl)c1ccc(-c2ccccc2)cc1,0.8346334028526263
198,C1CCC(NC2CCCCC2)CC1,O=C(Cl)c1ccc(-c2ccccc2)cc1,0.9424102911050449
199,CCCCCCc1ccc(N)cc1,O=C(Cl)c1ccc(-c2ccccc2)cc1,1.707863717507739
200,CSc1ccccc1N,O=C(Cl)c1ccc(-c2ccccc2)cc1,0.7080083477560194
201,Nc1ccccc1-c1ccccc1,O=C(Cl)c1ccc(-c2ccccc2)cc1,0.8482845735443323
203,CC(C)NC(C)C,O=C(Cl)c1ccc(-c2ccccc2)cc1,0.8000045857884172
204,Nc1ccc(Br)cc1,O=C(Cl)c1ccc(-c2ccccc2)cc1,0.7911525391032195
206,Nc1cccc2cccnc12,O=C(Cl)c1ccc(-c2ccccc2)cc1,0.904741971807668
207,CC(=O)c1cccc(N)c1,O=C(Cl)c1ccc(-c2ccccc2)cc1,0.8503201862681276
209,COc1ccc(C(F)(F)F)cc1N,O=C(Cl)c1ccc(-c2ccccc2)cc1,0.9167167757232699
210,COCCOc1ccccc1N,O=C(Cl)c1ccc(-c2ccccc2)cc1,1.388192582868046
212,CC1CCCC(C)N1,O=C(Cl)c1ccc(-c2ccccc2)cc1,1.012468640731677
213,C=Cc1ccc(N)cc1,O=C(Cl)c1ccc(-c2ccccc2)cc1,0.8537700375354493
215,Cc1cccc(N)c1,O=C(Cl)c1ccc(-c2ccccc2)cc1,1.3941501950978723
216,CC(C)NC1CCCCC1,O=C(Cl)c1ccc(-c2ccccc2)cc1,0.9206299692396721
217,COc1ccccc1N,O=C(Cl)c1ccc(-c2ccccc2)cc1,1.3236857648133633
218,NC(c1ccccc1)(c1ccccc1)c1ccccc1,O=C(Cl)c1ccc(-c2ccccc2)cc1,0.7273937206786463
219,Cc1cccc(C)c1N,O=C(Cl)c1ccc(-c2ccccc2)cc1,0.6390568083462046
220,CC1CN(C(=O)OC(C)(C)C)CC(C)N1,O=C(Cl)c1ccc(-c2ccccc2)cc1,1.1612795699771183
221,N#CCCNc1ccccc1,O=C(Cl)c1ccc(-c2ccccc2)cc1,0.6151364570314269
222,Nc1ccccc1F,O=C(Cl)c1ccc(-c2ccccc2)cc1,0.7173463582812529
223,COc1cccc(N)c1,O=C(Cl)c1ccc(-c2ccccc2)cc1,0.9582059979781642
224,Nc1ccc(C(=O)c2ccccc2)cc1,O=C(Cl)c1ccc(-c2ccccc2)cc1,0.9125455618422811
225,Nc1ccc(Oc2ccc(F)cc2)cc1,O=C(Cl)c1ccc(-c2ccccc2)cc1,1.2861602481760936
227,Nc1ccc(F)cc1,O=C(Cl)c1cccs1,1.0805022699551408
229,Nc1ccccc1,O=C(Cl)c1cccs1,0.8787181708868833
230,Cc1cc(C)c(N)c(C)c1,O=C(Cl)c1cccs1,0.984200076876042
231,CCCCCCCc1ccc(N)cc1,O=C(Cl)c1cccs1,1.3004058151187787
232,CC(C)c1cccc(C(C)C)c1N,O=C(Cl)c1cccs1,1.1291856988368922
233,C1CCC(NC2CCCCC2)CC1,O=C(Cl)c1cccs1,1.0690175680232759
234,CCCCCCc1ccc(N)cc1,O=C(Cl)c1cccs1,1.3684806242518246
235,CSc1ccccc1N,O=C(Cl)c1cccs1,1.1877667531258618
236,Nc1ccccc1-c1ccccc1,O=C(Cl)c1cccs1,1.2662569798446466
238,CC(C)NC(C)C,O=C(Cl)c1cccs1,1.1449272637798753
239,Nc1ccc(Br)cc1,O=C(Cl)c1cccs1,1.1932497854602635
241,Nc1cccc2cccnc12,O=C(Cl)c1cccs1,1.2214559917497432
242,CC(=O)c1cccc(N)c1,O=C(Cl)c1cccs1,1.1968927000886527
244,COc1ccc(C(F)(F)F)cc1N,O=C(Cl)c1cccs1,1.2187817000854526
245,COCCOc1ccccc1N,O=C(Cl)c1cccs1,1.1658842334001112
247,CC1CCCC(C)N1,O=C(Cl)c1cccs1,1.1367097977877436
248,C=Cc1ccc(N)cc1,O=C(Cl)c1cccs1,1.2034870781981097
250,Cc1cccc(N)c1,O=C(Cl)c1cccs1,1.1160193094706055
251,CC(C)NC1CCCCC1,O=C(Cl)c1cccs1,1.352422262197257
252,COc1ccccc1N,O=C(Cl)c1cccs1,1.0295550142427403
253,NC(c1ccccc1)(c1ccccc1)c1ccccc1,O=C(Cl)c1cccs1,1.3708134673322072
254,Cc1cccc(C)c1N,O=C(Cl)c1cccs1,1.3644480662462812
255,CC1CN(C(=O)OC(C)(C)C)CC(C)N1,O=C(Cl)c1cccs1,1.1568825690463391
256,N#CCCNc1ccccc1,O=C(Cl)c1cccs1,1.3839671135431884
257,Nc1ccccc1F,O=C(Cl)c1cccs1,1.365806382154572
258,COc1cccc(N)c1,O=C(Cl)c1cccs1,1.338793973613754
259,Nc1ccc(C(=O)c2ccccc2)cc1,O=C(Cl)c1cccs1,1.4431405644230872
260,Nc1ccc(Oc2ccc(F)cc2)cc1,O=C(Cl)c1cccs1,1.0271563090205733
265,Nc1ccc(F)cc1,O=C(Cl)c1ccc2ccccc2c1,1.1943468339752097
267,Nc1ccccc1,O=C(Cl)c1ccc2ccccc2c1,1.1998961753194037
268,Cc1cc(C)c(N)c(C)c1,O=C(Cl)c1ccc2ccccc2c1,1.1418999726532808
269,CCCCCCCc1ccc(N)cc1,O=C(Cl)c1ccc2ccccc2c1,1.8403640983673988
270,CC(C)c1cccc(C(C)C)c1N,O=C(Cl)c1ccc2ccccc2c1,0.8046134272438992
271,C1CCC(NC2CCCCC2)CC1,O=C(Cl)c1ccc2ccccc2c1,1.0745306280071691
272,CCCCCCc1ccc(N)cc1,O=C(Cl)c1ccc2ccccc2c1,1.8462809388780268
273,CSc1ccccc1N,O=C(Cl)c1ccc2ccccc2c1,0.7701639606188876
274,Nc1ccccc1-c1ccccc1,O=C(Cl)c1ccc2ccccc2c1,0.8058157578038895
276,CC(C)NC(C)C,O=C(Cl)c1ccc2ccccc2c1,1.0250341835977514
277,Nc1ccc(Br)cc1,O=C(Cl)c1ccc2ccccc2c1,0.6895732956468592
279,Nc1cccc2cccnc12,O=C(Cl)c1ccc2ccccc2c1,1.0534549496017598
280,CC(=O)c1cccc(N)c1,O=C(Cl)c1ccc2ccccc2c1,0.7376611261138889
282,COc1ccc(C(F)(F)F)cc1N,O=C(Cl)c1ccc2ccccc2c1,0.7277045657759272
283,COCCOc1ccccc1N,O=C(Cl)c1ccc2ccccc2c1,1.5820480751358044
285,CC1CCCC(C)N1,O=C(Cl)c1ccc2ccccc2c1,1.0249845910178272
286,C=Cc1ccc(N)cc1,O=C(Cl)c1ccc2ccccc2c1,1.021351807714389
288,Cc1cccc(N)c1,O=C(Cl)c1ccc2ccccc2c1,1.4191507825354612
289,CC(C)NC1CCCCC1,O=C(Cl)c1ccc2ccccc2c1,0.9996985112925701
290,COc1ccccc1N,O=C(Cl)c1ccc2ccccc2c1,1.4391006494258058
291,NC(c1ccccc1)(c1ccccc1)c1ccccc1,O=C(Cl)c1ccc2ccccc2c1,0.8145755541758382
292,Cc1cccc(C)c1N,O=C(Cl)c1ccc2ccccc2c1,0.5397351230139728
293,CC1CN(C(=O)OC(C)(C)C)CC(C)N1,O=C(Cl)c1ccc2ccccc2c1,0.720299451443908
294,N#CCCNc1ccccc1,O=C(Cl)c1ccc2ccccc2c1,0.6624500067533386
295,Nc1ccccc1F,O=C(Cl)c1ccc2ccccc2c1,0.7967319987871704
296,COc1cccc(N)c1,O=C(Cl)c1ccc2ccccc2c1,1.1469954021082571
297,Nc1ccc(C(=O)c2ccccc2)cc1,O=C(Cl)c1ccc2ccccc2c1,0.819092691245128
298,Nc1ccc(Oc2ccc(F)cc2)cc1,O=C(Cl)c1ccc2ccccc2c1,1.4260741052240358
300,Nc1ccc(F)cc1,COc1ccc(C(=O)Cl)cc1,0.6337278126158951
302,Nc1ccccc1,COc1ccc(C(=O)Cl)cc1,0.6237819837357833
303,Cc1cc(C)c(N)c(C)c1,COc1ccc(C(=O)Cl)cc1,0.6449623547781695
304,CCCCCCCc1ccc(N)cc1,COc1ccc(C(=O)Cl)cc1,1.1636418113863178
305,CC(C)c1cccc(C(C)C)c1N,COc1ccc(C(=O)Cl)cc1,0.5945158603450006
306,C1CCC(NC2CCCCC2)CC1,COc1ccc(C(=O)Cl)cc1,0.8171181316129663
307,CCCCCCc1ccc(N)cc1,COc1ccc(C(=O)Cl)cc1,1.0478465098102743
308,CSc1ccccc1N,COc1ccc(C(=O)Cl)cc1,0.6295074191362704
309,Nc1ccccc1-c1ccccc1,COc1ccc(C(=O)Cl)cc1,0.8215345948444485
311,CC(C)NC(C)C,COc1ccc(C(=O)Cl)cc1,0.8664231067365935
312,Nc1ccc(Br)cc1,COc1ccc(C(=O)Cl)cc1,0.7151236238657533
314,Nc1cccc2cccnc12,COc1ccc(C(=O)Cl)cc1,0.517545245394324
315,CC(=O)c1cccc(N)c1,COc1ccc(C(=O)Cl)cc1,0.8229741223793963
317,COc1ccc(C(F)(F)F)cc1N,COc1ccc(C(=O)Cl)cc1,0.8535677392410589
318,COCCOc1ccccc1N,COc1ccc(C(=O)Cl)cc1,0.6537223750792256
320,CC1CCCC(C)N1,COc1ccc(C(=O)Cl)cc1,0.813066604685409
321,C=Cc1ccc(N)cc1,COc1ccc(C(=O)Cl)cc1,0.36595936380527105
323,Cc1cccc(N)c1,COc1ccc(C(=O)Cl)cc1,0.6517802121303164
324,CC(C)NC1CCCCC1,COc1ccc(C(=O)Cl)cc1,0.7607147546636456
325,COc1ccccc1N,COc1ccc(C(=O)Cl)cc1,0.6119904665387914
326,NC(c1ccccc1)(c1ccccc1)c1ccccc1,COc1ccc(C(=O)Cl)cc1,0.8969235814307157
327,Cc1cccc(C)c1N,COc1ccc(C(=O)Cl)cc1,0.8177291035384315
328,CC1CN(C(=O)OC(C)(C)C)CC(C)N1,COc1ccc(C(=O)Cl)cc1,0.3471568511093442
329,N#CCCNc1ccccc1,COc1ccc(C(=O)Cl)cc1,0.7010361875335858
330,Nc1ccccc1F,COc1ccc(C(=O)Cl)cc1,0.9179810523697647
331,COc1cccc(N)c1,COc1ccc(C(=O)Cl)cc1,0.47739868359303833
332,Nc1ccc(C(=O)c2ccccc2)cc1,COc1ccc(C(=O)Cl)cc1,0.6716995317911756
333,Nc1ccc(Oc2ccc(F)cc2)cc1,COc1ccc(C(=O)Cl)cc1,0.6747713443304956
335,Nc1ccc(F)cc1,CC(C)(C)C(=O)Cl,1.551652856141914
337,Nc1ccccc1,CC(C)(C)C(=O)Cl,1.5233701469325351
338,Cc1cc(C)c(N)c(C)c1,CC(C)(C)C(=O)Cl,0.4579508027550838
339,CCCCCCCc1ccc(N)cc1,CC(C)(C)C(=O)Cl,2.189884154140873
340,CC(C)c1cccc(C(C)C)c1N,CC(C)(C)C(=O)Cl,0.5111263728511561
341,C1CCC(NC2CCCCC2)CC1,CC(C)(C)C(=O)Cl,0.7936869182544245
342,CCCCCCc1ccc(N)cc1,CC(C)(C)C(=O)Cl,2.076892406979559
343,CSc1ccccc1N,CC(C)(C)C(=O)Cl,0.7004009594281816
344,Nc1ccccc1-c1ccccc1,CC(C)(C)C(=O)Cl,1.102249934168168
346,CC(C)NC(C)C,CC(C)(C)C(=O)Cl,0.8792575987805666
347,Nc1ccc(Br)cc1,CC(C)(C)C(=O)Cl,0.920431876845079
349,Nc1cccc2cccnc12,CC(C)(C)C(=O)Cl,1.87515581342602
350,CC(=O)c1cccc(N)c1,CC(C)(C)C(=O)Cl,0.9213768536053055
352,COc1ccc(C(F)(F)F)cc1N,CC(C)(C)C(=O)Cl,0.576617464143004
353,COCCOc1ccccc1N,CC(C)(C)C(=O)Cl,2.2430461853033177
355,CC1CCCC(C)N1,CC(C)(C)C(=O)Cl,0.821484101238241
356,C=Cc1ccc(N)cc1,CC(C)(C)C(=O)Cl,1.304689192518448
358,Cc1cccc(N)c1,CC(C)(C)C(=O)Cl,1.634697617392311
359,CC(C)NC1CCCCC1,CC(C)(C)C(=O)Cl,0.8653667192053551
360,COc1ccccc1N,CC(C)(C)C(=O)Cl,2.107897144593646
361,NC(c1ccccc1)(c1ccccc1)c1ccccc1,CC(C)(C)C(=O)Cl,0.5371784219467027
362,Cc1cccc(C)c1N,CC(C)(C)C(=O)Cl,0.16836143316932944
363,CC1CN(C(=O)OC(C)(C)C)CC(C)N1,CC(C)(C)C(=O)Cl,0.5940963754986512
364,N#CCCNc1ccccc1,CC(C)(C)C(=O)Cl,0.49277387121744937
365,Nc1ccccc1F,CC(C)(C)C(=O)Cl,0.4120424637368887
366,COc1cccc(N)c1,CC(C)(C)C(=O)Cl,1.3492254111406803
367,Nc1ccc(C(=O)c2ccccc2)cc1,CC(C)(C)C(=O)Cl,0.5022125070550273
368,Nc1ccc(Oc2ccc(F)cc2)cc1,CC(C)(C)C(=O)Cl,1.7412245887925377
370,Nc1ccc(F)cc1,CCCCC(=O)Cl,2.6898587219383927
372,Nc1ccccc1,CCCCC(=O)Cl,2.8891542090457007
373,Cc1cc(C)c(N)c(C)c1,CCCCC(=O)Cl,2.701152070737647
374,CCCCCCCc1ccc(N)cc1,CCCCC(=O)Cl,3.010299956639812
375,CC(C)c1cccc(C(C)C)c1N,CCCCC(=O)Cl,2.4703878720833137
376,C1CCC(NC2CCCCC2)CC1,CCCCC(=O)Cl,2.44487484066428
377,CCCCCCc1ccc(N)cc1,CCCCC(=O)Cl,2.957562193555848
378,CSc1ccccc1N,CCCCC(=O)Cl,2.47328246074972
379,Nc1ccccc1-c1ccccc1,CCCCC(=O)Cl,2.5075857361076577
381,CC(C)NC(C)C,CCCCC(=O)Cl,2.398020800081693
382,Nc1ccc(Br)cc1,CCCCC(=O)Cl,2.3853108249965858
384,Nc1cccc2cccnc12,CCCCC(=O)Cl,2.452008013582377
385,CC(=O)c1cccc(N)c1,CCCCC(=O)Cl,2.386844595233528
387,COc1ccc(C(F)(F)F)cc1N,CCCCC(=O)Cl,2.4059443954389472
388,COCCOc1ccccc1N,CCCCC(=O)Cl,2.7668342422296943
390,CC1CCCC(C)N1,CCCCC(=O)Cl,2.324522762358017
391,C=Cc1ccc(N)cc1,CCCCC(=O)Cl,2.529649186595796
393,Cc1cccc(N)c1,CCCCC(=O)Cl,2.6461512732611605
394,CC(C)NC1CCCCC1,CCCCC(=O)Cl,2.0616843466437187
395,COc1ccccc1N,CCCCC(=O)Cl,2.6837485114267543
396,NC(c1ccccc1)(c1ccccc1)c1ccccc1,CCCCC(=O)Cl,2.136299473710971
397,Cc1cccc(C)c1N,CCCCC(=O)Cl,2.2478786021765487
398,CC1CN(C(=O)OC(C)(C)C)CC(C)N1,CCCCC(=O)Cl,2.2375999175877674
399,N#CCCNc1ccccc1,CCCCC(=O)Cl,2.207249679516237
400,Nc1ccccc1F,CCCCC(=O)Cl,2.138630429856395
401,COc1cccc(N)c1,CCCCC(=O)Cl,2.3215645026019507
402,Nc1ccc(C(=O)c2ccccc2)cc1,CCCCC(=O)Cl,2.125530117991607
403,Nc1ccc(Oc2ccc(F)cc2)cc1,CCCCC(=O)Cl,2.473228264603366
405,Nc1ccc(F)cc1,O=C(Cl)c1ccc(Cl)cc1,1.3959369054611626
407,Nc1ccccc1,O=C(Cl)c1ccc(Cl)cc1,1.4460054986244042
408,Cc1cc(C)c(N)c(C)c1,O=C(Cl)c1ccc(Cl)cc1,1.3831224522688041
409,CCCCCCCc1ccc(N)cc1,O=C(Cl)c1ccc(Cl)cc1,2.129701649242331
410,CC(C)c1cccc(C(C)C)c1N,O=C(Cl)c1ccc(Cl)cc1,1.107500457896163
411,C1CCC(NC2CCCCC2)CC1,O=C(Cl)c1ccc(Cl)cc1,1.4229809451308104
412,CCCCCCc1ccc(N)cc1,O=C(Cl)c1ccc(Cl)cc1,2.1409905108612346
413,CSc1ccccc1N,O=C(Cl)c1ccc(Cl)cc1,1.0763059700402873
414,Nc1ccccc1-c1ccccc1,O=C(Cl)c1ccc(Cl)cc1,1.0796277353788544
416,CC(C)NC(C)C,O=C(Cl)c1ccc(Cl)cc1,1.3258008215653436
417,Nc1ccc(Br)cc1,O=C(Cl)c1ccc(Cl)cc1,0.9128665199965408
419,Nc1cccc2cccnc12,O=C(Cl)c1ccc(Cl)cc1,1.3696122337316667
420,CC(=O)c1cccc(N)c1,O=C(Cl)c1ccc(Cl)cc1,0.8473997020923856
422,COc1ccc(C(F)(F)F)cc1N,O=C(Cl)c1ccc(Cl)cc1,0.8956415824150794
423,COCCOc1ccccc1N,O=C(Cl)c1ccc(Cl)cc1,1.972659518020981
425,CC1CCCC(C)N1,O=C(Cl)c1ccc(Cl)cc1,1.179355583615533
426,C=Cc1ccc(N)cc1,O=C(Cl)c1ccc(Cl)cc1,1.2999838632716056
428,Cc1cccc(N)c1,O=C(Cl)c1ccc(Cl)cc1,1.886300972332837
429,CC(C)NC1CCCCC1,O=C(Cl)c1ccc(Cl)cc1,1.002168070741957
430,COc1ccccc1N,O=C(Cl)c1ccc(Cl)cc1,1.658340584009279
431,NC(c1ccccc1)(c1ccccc1)c1ccccc1,O=C(Cl)c1ccc(Cl)cc1,0.836079044595917
432,Cc1cccc(C)c1N,O=C(Cl)c1ccc(Cl)cc1,0.7717697302125313
433,CC1CN(C(=O)OC(C)(C)C)CC(C)N1,O=C(Cl)c1ccc(Cl)cc1,1.078128550101312
434,N#CCCNc1ccccc1,O=C(Cl)c1ccc(Cl)cc1,0.862605885475969
435,Nc1ccccc1F,O=C(Cl)c1ccc(Cl)cc1,0.9080859744612942
436,COc1cccc(N)c1,O=C(Cl)c1ccc(Cl)cc1,1.193350813535308
437,Nc1ccc(C(=O)c2ccccc2)cc1,O=C(Cl)c1ccc(Cl)cc1,0.9495989822930962
438,Nc1ccc(Oc2ccc(F)cc2)cc1,O=C(Cl)c1ccc(Cl)cc1,1.645702347988537
440,Nc1ccc(F)cc1,CCCCCCC(=O)Cl,2.7329480604716214
442,Nc1ccccc1,CCCCCCC(=O)Cl,2.807659684014007
443,Cc1cc(C)c(N)c(C)c1,CCCCCCC(=O)Cl,2.787935519884809
444,CCCCCCCc1ccc(N)cc1,CCCCCCC(=O)Cl,3.0319775014575177
445,CC(C)c1cccc(C(C)C)c1N,CCCCCCC(=O)Cl,2.6575070456095484
446,C1CCC(NC2CCCCC2)CC1,CCCCCCC(=O)Cl,2.442604859685826
447,CCCCCCc1ccc(N)cc1,CCCCCCC(=O)Cl,3.092232813505593
448,CSc1ccccc1N,CCCCCCC(=O)Cl,2.397750031735502
449,Nc1ccccc1-c1ccccc1,CCCCCCC(=O)Cl,2.69035196678045
451,CC(C)NC(C)C,CCCCCCC(=O)Cl,2.4734317349507577
452,Nc1ccc(Br)cc1,CCCCCCC(=O)Cl,2.6050864459611662
454,Nc1cccc2cccnc12,CCCCCCC(=O)Cl,2.7798510352785026
455,CC(=O)c1cccc(N)c1,CCCCCCC(=O)Cl,2.489522882514702
457,COc1ccc(C(F)(F)F)cc1N,CCCCCCC(=O)Cl,2.5206621444505335
458,COCCOc1ccccc1N,CCCCCCC(=O)Cl,3.584331224367531
460,CC1CCCC(C)N1,CCCCCCC(=O)Cl,2.5131746628736185
461,C=Cc1ccc(N)cc1,CCCCCCC(=O)Cl,2.8172313204892836
463,Cc1cccc(N)c1,CCCCCCC(=O)Cl,2.6676012704142877
464,CC(C)NC1CCCCC1,CCCCCCC(=O)Cl,2.2990371856601644
465,COc1ccccc1N,CCCCCCC(=O)Cl,3.1072099696478683
466,NC(c1ccccc1)(c1ccccc1)c1ccccc1,CCCCCCC(=O)Cl,2.2795719264908367
467,Cc1cccc(C)c1N,CCCCCCC(=O)Cl,2.362452241411932
468,CC1CN(C(=O)OC(C)(C)C)CC(C)N1,CCCCCCC(=O)Cl,2.3902972650018635
469,N#CCCNc1ccccc1,CCCCCCC(=O)Cl,2.3628451751632946
470,Nc1ccccc1F,CCCCCCC(=O)Cl,2.278448725985383
471,COc1cccc(N)c1,CCCCCCC(=O)Cl,2.5671476213153657
472,Nc1ccc(C(=O)c2ccccc2)cc1,CCCCCCC(=O)Cl,2.3400274494253193
473,Nc1ccc(Oc2ccc(F)cc2)cc1,CCCCCCC(=O)Cl,2.7431282282261953
475,Nc1ccc(F)cc1,CC(=O)Cl,2.9995510504984804
477,Nc1ccccc1,CC(=O)Cl,3.0086944298332874
478,Cc1cc(C)c(N)c(C)c1,CC(=O)Cl,2.9711552281331017
479,CCCCCCCc1ccc(N)cc1,CC(=O)Cl,3.3412931756246875
480,CC(C)c1cccc(C(C)C)c1N,CC(=O)Cl,2.7115232870173465
481,C1CCC(NC2CCCCC2)CC1,CC(=O)Cl,2.715059985558049
482,CCCCCCc1ccc(N)cc1,CC(=O)Cl,3.392445698204016
483,CSc1ccccc1N,CC(=O)Cl,2.9720520678557283
484,Nc1ccccc1-c1ccccc1,CC(=O)Cl,2.715099504620721
486,CC(C)NC(C)C,CC(=O)Cl,2.7827992303805384
487,Nc1ccc(Br)cc1,CC(=O)Cl,3.584331224367531
489,Nc1cccc2cccnc12,CC(=O)Cl,3.1167055943194395
490,CC(=O)c1cccc(N)c1,CC(=O)Cl,2.773339751616456
492,COc1ccc(C(F)(F)F)cc1N,CC(=O)Cl,3.885361220031512
493,COCCOc1ccccc1N,CC(=O)Cl,3.1514136320961423
495,CC1CCCC(C)N1,CC(=O)Cl,2.6364903946928884
496,C=Cc1ccc(N)cc1,CC(=O)Cl,2.4149733479708178
498,Cc1cccc(N)c1,CC(=O)Cl,3.2321487063409915
499,CC(C)NC1CCCCC1,CC(=O)Cl,2.970990222637022
500,COc1ccccc1N,CC(=O)Cl,3.584331224367531
501,NC(c1ccccc1)(c1ccccc1)c1ccccc1,CC(=O)Cl,3.0724478635583026
502,Cc1cccc(C)c1N,CC(=O)Cl,3.1751327022331877
503,CC1CN(C(=O)OC(C)(C)C)CC(C)N1,CC(=O)Cl,2.454247553432036
504,N#CCCNc1ccccc1,CC(=O)Cl,3.1751327022331877
505,Nc1ccccc1F,CC(=O)Cl,3.0914157023641056
506,COc1cccc(N)c1,CC(=O)Cl,3.1277965003228316
507,Nc1ccc(C(=O)c2ccccc2)cc1,CC(=O)Cl,3.2507720038841694
508,Nc1ccc(Oc2ccc(F)cc2)cc1,CC(=O)Cl,2.4420982326406753
511,Nc1ccc(F)cc1,O=C(Cl)c1ccc(OC(F)(F)F)cc1,1.523640288076399
513,Nc1ccccc1,O=C(Cl)c1ccc(OC(F)(F)F)cc1,1.5301658659857371
514,Cc1cc(C)c(N)c(C)c1,O=C(Cl)c1ccc(OC(F)(F)F)cc1,1.4373618042030163
515,CCCCCCCc1ccc(N)cc1,O=C(Cl)c1ccc(OC(F)(F)F)cc1,2.2716784156234753
516,CC(C)c1cccc(C(C)C)c1N,O=C(Cl)c1ccc(OC(F)(F)F)cc1,1.2542285453033104
517,C1CCC(NC2CCCCC2)CC1,O=C(Cl)c1ccc(OC(F)(F)F)cc1,1.5270663931378075
518,CCCCCCc1ccc(N)cc1,O=C(Cl)c1ccc(OC(F)(F)F)cc1,2.2534528641773135
519,CSc1ccccc1N,O=C(Cl)c1ccc(OC(F)(F)F)cc1,1.1368394626112661
520,Nc1ccccc1-c1ccccc1,O=C(Cl)c1ccc(OC(F)(F)F)cc1,1.1660246286828313
522,CC(C)NC(C)C,O=C(Cl)c1ccc(OC(F)(F)F)cc1,1.5311274345739059
523,Nc1ccc(Br)cc1,O=C(Cl)c1ccc(OC(F)(F)F)cc1,1.1214100990446796
525,Nc1cccc2cccnc12,O=C(Cl)c1ccc(OC(F)(F)F)cc1,1.4424629101152942
526,CC(=O)c1cccc(N)c1,O=C(Cl)c1ccc(OC(F)(F)F)cc1,1.1602317040332553
528,COc1ccc(C(F)(F)F)cc1N,O=C(Cl)c1ccc(OC(F)(F)F)cc1,1.1867690715374468
529,COCCOc1ccccc1N,O=C(Cl)c1ccc(OC(F)(F)F)cc1,2.193722882724713
531,CC1CCCC(C)N1,O=C(Cl)c1ccc(OC(F)(F)F)cc1,1.4863541661137176
532,C=Cc1ccc(N)cc1,O=C(Cl)c1ccc(OC(F)(F)F)cc1,1.3718322198558655
534,Cc1cccc(N)c1,O=C(Cl)c1ccc(OC(F)(F)F)cc1,1.8202046580757165
535,CC(C)NC1CCCCC1,O=C(Cl)c1ccc(OC(F)(F)F)cc1,1.3149102376714643
536,COc1ccccc1N,O=C(Cl)c1ccc(OC(F)(F)F)cc1,1.9663297890892533
537,NC(c1ccccc1)(c1ccccc1)c1ccccc1,O=C(Cl)c1ccc(OC(F)(F)F)cc1,0.9094426872328757
538,Cc1cccc(C)c1N,O=C(Cl)c1ccc(OC(F)(F)F)cc1,0.999748952972639
539,CC1CN(C(=O)OC(C)(C)C)CC(C)N1,O=C(Cl)c1ccc(OC(F)(F)F)cc1,1.349806213140085
540,N#CCCNc1ccccc1,O=C(Cl)c1ccc(OC(F)(F)F)cc1,0.9732863145447482
541,Nc1ccccc1F,O=C(Cl)c1ccc(OC(F)(F)F)cc1,1.1121335130582164
542,COc1cccc(N)c1,O=C(Cl)c1ccc(OC(F)(F)F)cc1,1.4876175469644823
543,Nc1ccc(C(=O)c2ccccc2)cc1,O=C(Cl)c1ccc(OC(F)(F)F)cc1,1.1233027273920344
544,Nc1ccc(Oc2ccc(F)cc2)cc1,O=C(Cl)c1ccc(OC(F)(F)F)cc1,2.2179082670821817
546,Nc1ccc(F)cc1,O=C(Cl)c1cccc2ccccc12,1.0812866175719862
548,Nc1ccccc1,O=C(Cl)c1cccc2ccccc12,1.1743167174093028
549,Cc1cc(C)c(N)c(C)c1,O=C(Cl)c1cccc2ccccc12,1.1607506060524757
550,CCCCCCCc1ccc(N)cc1,O=C(Cl)c1cccc2ccccc12,1.6348879324268837
551,CC(C)c1cccc(C(C)C)c1N,O=C(Cl)c1cccc2ccccc12,0.9343567354085709
552,C1CCC(NC2CCCCC2)CC1,O=C(Cl)c1cccc2ccccc12,1.0110447506048643
553,CCCCCCc1ccc(N)cc1,O=C(Cl)c1cccc2ccccc12,1.6348879324268837
554,CSc1ccccc1N,O=C(Cl)c1cccc2ccccc12,0.8640501950895803
555,Nc1ccccc1-c1ccccc1,O=C(Cl)c1cccc2ccccc12,0.8806259535071533
557,CC(C)NC(C)C,O=C(Cl)c1cccc2ccccc12,0.6024305828742751
558,Nc1ccc(Br)cc1,O=C(Cl)c1cccc2ccccc12,0.38761511226751866
560,Nc1cccc2cccnc12,O=C(Cl)c1cccc2ccccc12,0.7586179204529679
561,CC(=O)c1cccc(N)c1,O=C(Cl)c1cccc2ccccc12,0.38224945388792425
563,COc1ccc(C(F)(F)F)cc1N,O=C(Cl)c1cccc2ccccc12,0.8023854357124701
564,COCCOc1ccccc1N,O=C(Cl)c1cccc2ccccc12,1.286756080991466
566,CC1CCCC(C)N1,O=C(Cl)c1cccc2ccccc12,0.6610093980261985
567,C=Cc1ccc(N)cc1,O=C(Cl)c1cccc2ccccc12,0.6635791648397235
569,Cc1cccc(N)c1,O=C(Cl)c1cccc2ccccc12,1.1142669932117084
570,CC(C)NC1CCCCC1,O=C(Cl)c1cccc2ccccc12,0.7510148092124386
571,COc1ccccc1N,O=C(Cl)c1cccc2ccccc12,1.2526055412105541
572,NC(c1ccccc1)(c1ccccc1)c1ccccc1,O=C(Cl)c1cccc2ccccc12,0.6346981860190569
573,Cc1cccc(C)c1N,O=C(Cl)c1cccc2ccccc12,0.4267104145372685
574,CC1CN(C(=O)OC(C)(C)C)CC(C)N1,O=C(Cl)c1cccc2ccccc12,0.6193586587152295
575,N#CCCNc1ccccc1,O=C(Cl)c1cccc2ccccc12,0.5807291274047428
576,Nc1ccccc1F,O=C(Cl)c1cccc2ccccc12,0.6113167011256991
577,COc1cccc(N)c1,O=C(Cl)c1cccc2ccccc12,0.8038238756632731
578,Nc1ccc(C(=O)c2ccccc2)cc1,O=C(Cl)c1cccc2ccccc12,0.7539889828025744
579,Nc1ccc(Oc2ccc(F)cc2)cc1,O=C(Cl)c1cccc2ccccc12,1.7214028733537714
581,Nc1ccc(F)cc1,O=C(Cl)c1ccc(SC(F)(F)F)cc1,1.9792411590509014
583,Nc1ccccc1,O=C(Cl)c1ccc(SC(F)(F)F)cc1,1.7935483905387999
584,Cc1cc(C)c(N)c(C)c1,O=C(Cl)c1ccc(SC(F)(F)F)cc1,1.7314485053871222
585,CCCCCCCc1ccc(N)cc1,O=C(Cl)c1ccc(SC(F)(F)F)cc1,2.412848827792785
586,CC(C)c1cccc(C(C)C)c1N,O=C(Cl)c1ccc(SC(F)(F)F)cc1,1.4347039304233364
587,C1CCC(NC2CCCCC2)CC1,O=C(Cl)c1ccc(SC(F)(F)F)cc1,1.8962407294820651
588,CCCCCCc1ccc(N)cc1,O=C(Cl)c1ccc(SC(F)(F)F)cc1,2.310458272502587
589,CSc1ccccc1N,O=C(Cl)c1ccc(SC(F)(F)F)cc1,1.2915725027934055
590,Nc1ccccc1-c1ccccc1,O=C(Cl)c1ccc(SC(F)(F)F)cc1,1.3864374738383145
592,CC(C)NC(C)C,O=C(Cl)c1ccc(SC(F)(F)F)cc1,1.6918773108865175
593,Nc1ccc(Br)cc1,O=C(Cl)c1ccc(SC(F)(F)F)cc1,1.5067081532677438
595,Nc1cccc2cccnc12,O=C(Cl)c1ccc(SC(F)(F)F)cc1,1.8483826754325667
596,CC(=O)c1cccc(N)c1,O=C(Cl)c1ccc(SC(F)(F)F)cc1,1.405433786996964
598,COc1ccc(C(F)(F)F)cc1N,O=C(Cl)c1ccc(SC(F)(F)F)cc1,1.3794857223606958
599,COCCOc1ccccc1N,O=C(Cl)c1ccc(SC(F)(F)F)cc1,2.405410675228675
601,CC1CCCC(C)N1,O=C(Cl)c1ccc(SC(F)(F)F)cc1,1.7122593506195067
602,C=Cc1ccc(N)cc1,O=C(Cl)c1ccc(SC(F)(F)F)cc1,1.732739573209557
604,Cc1cccc(N)c1,O=C(Cl)c1ccc(SC(F)(F)F)cc1,1.8548898517152212
605,CC(C)NC1CCCCC1,O=C(Cl)c1ccc(SC(F)(F)F)cc1,1.3958798007423254
606,COc1ccccc1N,O=C(Cl)c1ccc(SC(F)(F)F)cc1,1.9964361683551093
607,NC(c1ccccc1)(c1ccccc1)c1ccccc1,O=C(Cl)c1ccc(SC(F)(F)F)cc1,1.3220191354385784
608,Cc1cccc(C)c1N,O=C(Cl)c1ccc(SC(F)(F)F)cc1,1.4294962795096318
609,CC1CN(C(=O)OC(C)(C)C)CC(C)N1,O=C(Cl)c1ccc(SC(F)(F)F)cc1,1.8334632332387368
610,N#CCCNc1ccccc1,O=C(Cl)c1ccc(SC(F)(F)F)cc1,1.3802790044596178
611,Nc1ccccc1F,O=C(Cl)c1ccc(SC(F)(F)F)cc1,1.363667162430404
612,COc1cccc(N)c1,O=C(Cl)c1ccc(SC(F)(F)F)cc1,1.694954570671179
613,Nc1ccc(C(=O)c2ccccc2)cc1,O=C(Cl)c1ccc(SC(F)(F)F)cc1,1.3931985083884262
614,Nc1ccc(Oc2ccc(F)cc2)cc1,O=C(Cl)c1ccc(SC(F)(F)F)cc1,1.1028544587058955
616,Nc1ccc(F)cc1,Cc1ccc(C(=O)Cl)cc1,1.1448744058580733
618,Nc1ccccc1,Cc1ccc(C(=O)Cl)cc1,1.0849870555805643
619,Cc1cc(C)c(N)c(C)c1,Cc1ccc(C(=O)Cl)cc1,1.1160283913883657
620,CCCCCCCc1ccc(N)cc1,Cc1ccc(C(=O)Cl)cc1,1.6477532751722581
621,CC(C)c1cccc(C(C)C)c1N,Cc1ccc(C(=O)Cl)cc1,0.5846084075871351
622,C1CCC(NC2CCCCC2)CC1,Cc1ccc(C(=O)Cl)cc1,0.7057832467333562
623,CCCCCCc1ccc(N)cc1,Cc1ccc(C(=O)Cl)cc1,1.6308887663966996
624,CSc1ccccc1N,Cc1ccc(C(=O)Cl)cc1,0.6378756577900179
625,Nc1ccccc1-c1ccccc1,Cc1ccc(C(=O)Cl)cc1,0.6432907218649421
627,CC(C)NC(C)C,Cc1ccc(C(=O)Cl)cc1,1.4531209782517387
628,Nc1ccc(Br)cc1,Cc1ccc(C(=O)Cl)cc1,0.5736200702612362
630,Nc1cccc2cccnc12,Cc1ccc(C(=O)Cl)cc1,0.706181028751966
631,CC(=O)c1cccc(N)c1,Cc1ccc(C(=O)Cl)cc1,0.6697601245781957
633,COc1ccc(C(F)(F)F)cc1N,Cc1ccc(C(=O)Cl)cc1,0.6518607954708626
634,COCCOc1ccccc1N,Cc1ccc(C(=O)Cl)cc1,1.0952373859201612
636,CC1CCCC(C)N1,Cc1ccc(C(=O)Cl)cc1,1.3590219426959547
637,C=Cc1ccc(N)cc1,Cc1ccc(C(=O)Cl)cc1,0.5548507606162941
639,Cc1cccc(N)c1,Cc1ccc(C(=O)Cl)cc1,1.112929218372725
640,CC(C)NC1CCCCC1,Cc1ccc(C(=O)Cl)cc1,0.4996994980405926
641,COc1ccccc1N,Cc1ccc(C(=O)Cl)cc1,1.0245187114083887
642,NC(c1ccccc1)(c1ccccc1)c1ccccc1,Cc1ccc(C(=O)Cl)cc1,0.6348068300197319
643,Cc1cccc(C)c1N,Cc1ccc(C(=O)Cl)cc1,0.4108142480255898
644,CC1CN(C(=O)OC(C)(C)C)CC(C)N1,Cc1ccc(C(=O)Cl)cc1,0.6437513173569928
645,N#CCCNc1ccccc1,Cc1ccc(C(=O)Cl)cc1,0.5620340987430851
646,Nc1ccccc1F,Cc1ccc(C(=O)Cl)cc1,0.6126313573119958
647,COc1cccc(N)c1,Cc1ccc(C(=O)Cl)cc1,0.7955021170478915
648,Nc1ccc(C(=O)c2ccccc2)cc1,Cc1ccc(C(=O)Cl)cc1,0.6709716567542129
649,Nc1ccc(Oc2ccc(F)cc2)cc1,Cc1ccc(C(=O)Cl)cc1,1.5621738633646483
651,Nc1ccc(F)cc1,O=C(Cl)c1ccc(Cl)cc1Cl,1.8402276000830102
653,Nc1ccccc1,O=C(Cl)c1ccc(Cl)cc1Cl,1.8911907637042997
654,Cc1cc(C)c(N)c(C)c1,O=C(Cl)c1ccc(Cl)cc1Cl,1.7540476375392515
655,CCCCCCCc1ccc(N)cc1,O=C(Cl)c1ccc(Cl)cc1Cl,2.6604370859021125
656,CC(C)c1cccc(C(C)C)c1N,O=C(Cl)c1ccc(Cl)cc1Cl,1.3168808691024876
657,C1CCC(NC2CCCCC2)CC1,O=C(Cl)c1ccc(Cl)cc1Cl,1.9774138052751091
658,CCCCCCc1ccc(N)cc1,O=C(Cl)c1ccc(Cl)cc1Cl,2.7498906177124476
659,CSc1ccccc1N,O=C(Cl)c1ccc(Cl)cc1Cl,1.628872263842029
660,Nc1ccccc1-c1ccccc1,O=C(Cl)c1ccc(Cl)cc1Cl,1.2806781103019422
662,CC(C)NC(C)C,O=C(Cl)c1ccc(Cl)cc1Cl,1.9887927913246934
663,Nc1ccc(Br)cc1,O=C(Cl)c1ccc(Cl)cc1Cl,1.8389579559139222
665,Nc1cccc2cccnc12,O=C(Cl)c1ccc(Cl)cc1Cl,2.1588655172082816
666,CC(=O)c1cccc(N)c1,O=C(Cl)c1ccc(Cl)cc1Cl,1.775795977343943
668,COc1ccc(C(F)(F)F)cc1N,O=C(Cl)c1ccc(Cl)cc1Cl,1.7373424703272484
669,COCCOc1ccccc1N,O=C(Cl)c1ccc(Cl)cc1Cl,2.57905698382687
671,CC1CCCC(C)N1,O=C(Cl)c1ccc(Cl)cc1Cl,1.992458131871611
672,C=Cc1ccc(N)cc1,O=C(Cl)c1ccc(Cl)cc1Cl,2.160872711364267
674,Cc1cccc(N)c1,O=C(Cl)c1ccc(Cl)cc1Cl,2.2757589602060446
675,CC(C)NC1CCCCC1,O=C(Cl)c1ccc(Cl)cc1Cl,1.833199618640293
676,COc1ccccc1N,O=C(Cl)c1ccc(Cl)cc1Cl,2.282470076630429
677,NC(c1ccccc1)(c1ccccc1)c1ccccc1,O=C(Cl)c1ccc(Cl)cc1Cl,1.4190698850776045
678,Cc1cccc(C)c1N,O=C(Cl)c1ccc(Cl)cc1Cl,1.4168033690100845
679,CC1CN(C(=O)OC(C)(C)C)CC(C)N1,O=C(Cl)c1ccc(Cl)cc1Cl,1.9710897797707936
680,N#CCCNc1ccccc1,O=C(Cl)c1ccc(Cl)cc1Cl,1.588959669936099
681,Nc1ccccc1F,O=C(Cl)c1ccc(Cl)cc1Cl,1.6045430721448617
682,COc1cccc(N)c1,O=C(Cl)c1ccc(Cl)cc1Cl,1.9666896922353894
683,Nc1ccc(C(=O)c2ccccc2)cc1,O=C(Cl)c1ccc(Cl)cc1Cl,1.472289660700545
684,Nc1ccc(Oc2ccc(F)cc2)cc1,O=C(Cl)c1ccc(Cl)cc1Cl,1.7133246983871142
686,Nc1ccc(F)cc1,O=C(Cl)c1ccco1,1.8369204137925665
688,Nc1ccccc1,O=C(Cl)c1ccco1,1.831592891870582
689,Cc1cc(C)c(N)c(C)c1,O=C(Cl)c1ccco1,1.7979760666044544
690,CCCCCCCc1ccc(N)cc1,O=C(Cl)c1ccco1,2.1716416389190734
691,CC(C)c1cccc(C(C)C)c1N,O=C(Cl)c1ccco1,1.6653151921992169
692,C1CCC(NC2CCCCC2)CC1,O=C(Cl)c1ccco1,1.7283604649907085
693,CCCCCCc1ccc(N)cc1,O=C(Cl)c1ccco1,2.134562334126135
694,CSc1ccccc1N,O=C(Cl)c1ccco1,1.55203018329482
695,Nc1ccccc1-c1ccccc1,O=C(Cl)c1ccco1,1.6807614670268516
697,CC(C)NC(C)C,O=C(Cl)c1ccco1,1.656208619091353
698,Nc1ccc(Br)cc1,O=C(Cl)c1ccco1,1.6632687494537217
700,Nc1cccc2cccnc12,O=C(Cl)c1ccco1,1.7096459463103422
701,CC(=O)c1cccc(N)c1,O=C(Cl)c1ccco1,1.5690769346944677
703,COc1ccc(C(F)(F)F)cc1N,O=C(Cl)c1ccco1,1.6364575378071295
704,COCCOc1ccccc1N,O=C(Cl)c1ccco1,1.858477518279667
706,CC1CCCC(C)N1,O=C(Cl)c1ccco1,1.5774229500877197
707,C=Cc1ccc(N)cc1,O=C(Cl)c1ccco1,1.3587130779885
709,Cc1cccc(N)c1,O=C(Cl)c1ccco1,1.767442096225798
710,CC(C)NC1CCCCC1,O=C(Cl)c1ccco1,1.5955659124514692
711,COc1ccccc1N,O=C(Cl)c1ccco1,1.783030785810642
712,NC(c1ccccc1)(c1ccccc1)c1ccccc1,O=C(Cl)c1ccco1,1.5673368503207075
713,Cc1cccc(C)c1N,O=C(Cl)c1ccco1,1.5899906357498594
714,CC1CN(C(=O)OC(C)(C)C)CC(C)N1,O=C(Cl)c1ccco1,1.7973242745473548
715,N#CCCNc1ccccc1,O=C(Cl)c1ccco1,1.5857688916245816
716,Nc1ccccc1F,O=C(Cl)c1ccco1,1.5743914868249798
717,COc1cccc(N)c1,O=C(Cl)c1ccco1,1.5823349263461735
718,Nc1ccc(C(=O)c2ccccc2)cc1,O=C(Cl)c1ccco1,1.6210291385563425
719,Nc1ccc(Oc2ccc(F)cc2)cc1,O=C(Cl)c1ccco1,1.3012227550923254
721,Nc1ccc(F)cc1,CCC(C(=O)Cl)c1ccccc1,3.18063888689688
723,Nc1ccccc1,CCC(C(=O)Cl)c1ccccc1,2.885361220031512
724,Cc1cc(C)c(N)c(C)c1,CCC(C(=O)Cl)c1ccccc1,2.2901894012939836
725,CCCCCCCc1ccc(N)cc1,CCC(C(=O)Cl)c1ccccc1,3.3239190795875784
726,CC(C)c1cccc(C(C)C)c1N,CCC(C(=O)Cl)c1ccccc1,1.5538606089487315
727,C1CCC(NC2CCCCC2)CC1,CCC(C(=O)Cl)c1ccccc1,1.761765437600715
728,CCCCCCc1ccc(N)cc1,CCC(C(=O)Cl)c1ccccc1,3.3169098297640387
729,CSc1ccccc1N,CCC(C(=O)Cl)c1ccccc1,2.016035821575313
730,Nc1ccccc1-c1ccccc1,CCC(C(=O)Cl)c1ccccc1,2.115499430899143
732,CC(C)NC(C)C,CCC(C(=O)Cl)c1ccccc1,1.7477351739299933
733,Nc1ccc(Br)cc1,CCC(C(=O)Cl)c1ccccc1,2.0287755759591404
735,Nc1cccc2cccnc12,CCC(C(=O)Cl)c1ccccc1,2.604705532675834
736,CC(=O)c1cccc(N)c1,CCC(C(=O)Cl)c1ccccc1,1.9707836288653249
738,COc1ccc(C(F)(F)F)cc1N,CCC(C(=O)Cl)c1ccccc1,1.700174817654685
739,COCCOc1ccccc1N,CCC(C(=O)Cl)c1ccccc1,2.7766955758886747
741,CC1CCCC(C)N1,CCC(C(=O)Cl)c1ccccc1,1.5691173032112216
742,C=Cc1ccc(N)cc1,CCC(C(=O)Cl)c1ccccc1,2.2566432410097996
744,Cc1cccc(N)c1,CCC(C(=O)Cl)c1ccccc1,2.612359947967774
745,CC(C)NC1CCCCC1,CCC(C(=O)Cl)c1ccccc1,1.8985415848248985
746,COc1ccccc1N,CCC(C(=O)Cl)c1ccccc1,2.9273257215862087
747,NC(c1ccccc1)(c1ccccc1)c1ccccc1,CCC(C(=O)Cl)c1ccccc1,1.8084762961080396
748,Cc1cccc(C)c1N,CCC(C(=O)Cl)c1ccccc1,1.376492826432042
749,CC1CN(C(=O)OC(C)(C)C)CC(C)N1,CCC(C(=O)Cl)c1ccccc1,1.4611699067309234
750,N#CCCNc1ccccc1,CCC(C(=O)Cl)c1ccccc1,1.770494762059855
751,Nc1ccccc1F,CCC(C(=O)Cl)c1ccccc1,1.434113010408689
752,COc1cccc(N)c1,CCC(C(=O)Cl)c1ccccc1,2.2559433716914126
753,Nc1ccc(C(=O)c2ccccc2)cc1,CCC(C(=O)Cl)c1ccccc1,1.5126344498799469
754,Nc1ccc(Oc2ccc(F)cc2)cc1,CCC(C(=O)Cl)c1ccccc1,3.0018197391497936
756,Nc1ccc(F)cc1,CCCCC(CC)C(=O)Cl,1.1476629502379845
758,Nc1ccccc1,CCCCC(CC)C(=O)Cl,1.1080659634172931
759,Cc1cc(C)c(N)c(C)c1,CCCCC(CC)C(=O)Cl,0.45122864116711286
760,CCCCCCCc1ccc(N)cc1,CCCCC(CC)C(=O)Cl,1.6633676699529383
761,CC(C)c1cccc(C(C)C)c1N,CCCCC(CC)C(=O)Cl,-0.08282689123584899
762,C1CCC(NC2CCCCC2)CC1,CCCCC(CC)C(=O)Cl,0.6471813512110501
763,CCCCCCc1ccc(N)cc1,CCCCC(CC)C(=O)Cl,1.6416271331813803
764,CSc1ccccc1N,CCCCC(CC)C(=O)Cl,0.4750752750792898
765,Nc1ccccc1-c1ccccc1,CCCCC(CC)C(=O)Cl,0.733842164831134
767,CC(C)NC(C)C,CCCCC(CC)C(=O)Cl,0.6069442808336508
768,Nc1ccc(Br)cc1,CCCCC(CC)C(=O)Cl,0.499307739979917
770,Nc1cccc2cccnc12,CCCCC(CC)C(=O)Cl,1.3194794415856752
771,CC(=O)c1cccc(N)c1,CCCCC(CC)C(=O)Cl,0.49081003478658153
773,COc1ccc(C(F)(F)F)cc1N,CCCCC(CC)C(=O)Cl,0.15951048372481957
774,COCCOc1ccccc1N,CCCCC(CC)C(=O)Cl,1.7022385310216377
776,CC1CCCC(C)N1,CCCCC(CC)C(=O)Cl,0.5299735620298585
777,C=Cc1ccc(N)cc1,CCCCC(CC)C(=O)Cl,0.8148119343663113
779,Cc1cccc(N)c1,CCCCC(CC)C(=O)Cl,1.2359531528963366
780,CC(C)NC1CCCCC1,CCCCC(CC)C(=O)Cl,0.5379655594125324
781,COc1ccccc1N,CCCCC(CC)C(=O)Cl,1.4454716432181611
782,NC(c1ccccc1)(c1ccccc1)c1ccccc1,CCCCC(CC)C(=O)Cl,0.0905757062308727
783,Cc1cccc(C)c1N,CCCCC(CC)C(=O)Cl,-0.16525960477013893
784,CC1CN(C(=O)OC(C)(C)C)CC(C)N1,CCCCC(CC)C(=O)Cl,0.12824376571894255
785,N#CCCNc1ccccc1,CCCCC(CC)C(=O)Cl,0.2339702301872099
786,Nc1ccccc1F,CCCCC(CC)C(=O)Cl,-0.02267244517813457
787,COc1cccc(N)c1,CCCCC(CC)C(=O)Cl,1.0223495237011908
788,Nc1ccc(C(=O)c2ccccc2)cc1,CCCCC(CC)C(=O)Cl,-0.4403186072706373
789,Nc1ccc(Oc2ccc(F)cc2)cc1,CCCCC(CC)C(=O)Cl,2.2926917454842175
794,Nc1ccc(F)cc1,Cc1ccccc1C(=O)Cl,1.330073426511114
796,Nc1ccccc1,Cc1ccccc1C(=O)Cl,1.2420753141919754
797,Cc1cc(C)c(N)c(C)c1,Cc1ccccc1C(=O)Cl,1.2687023429386317
798,CCCCCCCc1ccc(N)cc1,Cc1ccccc1C(=O)Cl,1.7574988907994367
799,CC(C)c1cccc(C(C)C)c1N,Cc1ccccc1C(=O)Cl,0.759423076541984
800,C1CCC(NC2CCCCC2)CC1,Cc1ccccc1C(=O)Cl,1.2888975940771148
801,CCCCCCc1ccc(N)cc1,Cc1ccccc1C(=O)Cl,1.6870968198241831
802,CSc1ccccc1N,Cc1ccccc1C(=O)Cl,0.6872518347600378
803,Nc1ccccc1-c1ccccc1,Cc1ccccc1C(=O)Cl,0.6731383881804288
805,CC(C)NC(C)C,Cc1ccccc1C(=O)Cl,0.9171316608177699
806,Nc1ccc(Br)cc1,Cc1ccccc1C(=O)Cl,0.5967495797724865
808,Nc1cccc2cccnc12,Cc1ccccc1C(=O)Cl,0.8537025129125366
809,CC(=O)c1cccc(N)c1,Cc1ccccc1C(=O)Cl,0.6816984822133668
811,COc1ccc(C(F)(F)F)cc1N,Cc1ccccc1C(=O)Cl,0.6576764469058741
812,COCCOc1ccccc1N,Cc1ccccc1C(=O)Cl,1.4777529558627986
814,CC1CCCC(C)N1,Cc1ccccc1C(=O)Cl,0.8091437671541825
815,C=Cc1ccc(N)cc1,Cc1ccccc1C(=O)Cl,0.7687163840955588
817,Cc1cccc(N)c1,Cc1ccccc1C(=O)Cl,1.4667733230068671
818,CC(C)NC1CCCCC1,Cc1ccccc1C(=O)Cl,0.7436992204268281
819,COc1ccccc1N,Cc1ccccc1C(=O)Cl,1.5182729094496246
820,NC(c1ccccc1)(c1ccccc1)c1ccccc1,Cc1ccccc1C(=O)Cl,0.5573692224372574
821,Cc1cccc(C)c1N,Cc1ccccc1C(=O)Cl,0.5818584889258636
822,CC1CN(C(=O)OC(C)(C)C)CC(C)N1,Cc1ccccc1C(=O)Cl,0.9412536760256474
823,N#CCCNc1ccccc1,Cc1ccccc1C(=O)Cl,0.5434510396315341
824,Nc1ccccc1F,Cc1ccccc1C(=O)Cl,0.5765235638275839
825,COc1cccc(N)c1,Cc1ccccc1C(=O)Cl,1.1745448409320502
826,Nc1ccc(C(=O)c2ccccc2)cc1,Cc1ccccc1C(=O)Cl,0.7404554512842622
827,Nc1ccc(Oc2ccc(F)cc2)cc1,Cc1ccccc1C(=O)Cl,1.4926073585866075
829,Nc1ccc(F)cc1,CCc1ccc(C(=O)Cl)cc1,1.0984902847939049
831,Nc1ccccc1,CCc1ccc(C(=O)Cl)cc1,1.0244355875383513
832,Cc1cc(C)c(N)c(C)c1,CCc1ccc(C(=O)Cl)cc1,1.0429925789458998
833,CCCCCCCc1ccc(N)cc1,CCc1ccc(C(=O)Cl)cc1,1.6266162600066298
834,CC(C)c1cccc(C(C)C)c1N,CCc1ccc(C(=O)Cl)cc1,0.7060532243129963
835,C1CCC(NC2CCCCC2)CC1,CCc1ccc(C(=O)Cl)cc1,1.0411797007258066
836,CCCCCCc1ccc(N)cc1,CCc1ccc(C(=O)Cl)cc1,1.5977576442765933
837,CSc1ccccc1N,CCc1ccc(C(=O)Cl)cc1,0.7780935899101881
838,Nc1ccccc1-c1ccccc1,CCc1ccc(C(=O)Cl)cc1,0.6301495305245376
840,CC(C)NC(C)C,CCc1ccc(C(=O)Cl)cc1,0.9510638879093595
841,Nc1ccc(Br)cc1,CCc1ccc(C(=O)Cl)cc1,0.6229900681892631
843,Nc1cccc2cccnc12,CCc1ccc(C(=O)Cl)cc1,0.7839841982743795
844,CC(=O)c1cccc(N)c1,CCc1ccc(C(=O)Cl)cc1,0.6946701965476993
846,COc1ccc(C(F)(F)F)cc1N,CCc1ccc(C(=O)Cl)cc1,0.658058370175874
847,COCCOc1ccccc1N,CCc1ccc(C(=O)Cl)cc1,1.2566045977672613
849,CC1CCCC(C)N1,CCc1ccc(C(=O)Cl)cc1,1.2870155750821959
850,C=Cc1ccc(N)cc1,CCc1ccc(C(=O)Cl)cc1,0.7866188108734334
852,Cc1cccc(N)c1,CCc1ccc(C(=O)Cl)cc1,1.3150635749094495
853,CC(C)NC1CCCCC1,CCc1ccc(C(=O)Cl)cc1,1.087996160941152
854,COc1ccccc1N,CCc1ccc(C(=O)Cl)cc1,1.228117911294735
855,NC(c1ccccc1)(c1ccccc1)c1ccccc1,CCc1ccc(C(=O)Cl)cc1,0.9446715368888052
856,Cc1cccc(C)c1N,CCc1ccc(C(=O)Cl)cc1,1.0307544687706076
857,CC1CN(C(=O)OC(C)(C)C)CC(C)N1,CCc1ccc(C(=O)Cl)cc1,0.9526381018357194
858,N#CCCNc1ccccc1,CCc1ccc(C(=O)Cl)cc1,0.8692897127763551
859,Nc1ccccc1F,CCc1ccc(C(=O)Cl)cc1,0.8248010241245892
860,COc1cccc(N)c1,CCc1ccc(C(=O)Cl)cc1,0.9748032713839356
861,Nc1ccc(C(=O)c2ccccc2)cc1,CCc1ccc(C(=O)Cl)cc1,0.9123357931437145
862,Nc1ccc(Oc2ccc(F)cc2)cc1,CCc1ccc(C(=O)Cl)cc1,1.2177470732627937
864,Nc1ccc(F)cc1,CCCCCCCCCCCC(=O)Cl,2.727281563851949
866,Nc1ccccc1,CCCCCCCCCCCC(=O)Cl,2.7785085474146007
867,Cc1cc(C)c(N)c(C)c1,CCCCCCCCCCCC(=O)Cl,2.6945217023119046
868,CCCCCCCc1ccc(N)cc1,CCCCCCCCCCCC(=O)Cl,3.1449985304241705
869,CC(C)c1cccc(C(C)C)c1N,CCCCCCCCCCCC(=O)Cl,2.575467763987256
870,C1CCC(NC2CCCCC2)CC1,CCCCCCCCCCCC(=O)Cl,2.604813540756292
871,CCCCCCc1ccc(N)cc1,CCCCCCCCCCCC(=O)Cl,3.0988763882282138
872,CSc1ccccc1N,CCCCCCCCCCCC(=O)Cl,2.5286958218213367
873,Nc1ccccc1-c1ccccc1,CCCCCCCCCCCC(=O)Cl,2.478350584156163
875,CC(C)NC(C)C,CCCCCCCCCCCC(=O)Cl,2.3943155740252497
876,Nc1ccc(Br)cc1,CCCCCCCCCCCC(=O)Cl,2.523417983611654
878,Nc1cccc2cccnc12,CCCCCCCCCCCC(=O)Cl,2.887978585975921
879,CC(=O)c1cccc(N)c1,CCCCCCCCCCCC(=O)Cl,2.3851168758506636
881,COc1ccc(C(F)(F)F)cc1N,CCCCCCCCCCCC(=O)Cl,2.392599893246516
882,COCCOc1ccccc1N,CCCCCCCCCCCC(=O)Cl,3.3343712563178274
884,CC1CCCC(C)N1,CCCCCCCCCCCC(=O)Cl,2.3687475457967606
885,C=Cc1ccc(N)cc1,CCCCCCCCCCCC(=O)Cl,2.741185072917323
887,Cc1cccc(N)c1,CCCCCCCCCCCC(=O)Cl,2.984637966300973
888,CC(C)NC1CCCCC1,CCCCCCCCCCCC(=O)Cl,2.630088714962135
889,COc1ccccc1N,CCCCCCCCCCCC(=O)Cl,2.9689072714773457
890,NC(c1ccccc1)(c1ccccc1)c1ccccc1,CCCCCCCCCCCC(=O)Cl,2.2995988567606287
891,Cc1cccc(C)c1N,CCCCCCCCCCCC(=O)Cl,2.5030998038174817
892,CC1CN(C(=O)OC(C)(C)C)CC(C)N1,CCCCCCCCCCCC(=O)Cl,2.3702012380467807
893,N#CCCNc1ccccc1,CCCCCCCCCCCC(=O)Cl,2.7108754876943792
894,Nc1ccccc1F,CCCCCCCCCCCC(=O)Cl,2.633591108774496
895,COc1cccc(N)c1,CCCCCCCCCCCC(=O)Cl,2.6943522997719
896,Nc1ccc(C(=O)c2ccccc2)cc1,CCCCCCCCCCCC(=O)Cl,2.2995988567606287
897,Nc1ccc(Oc2ccc(F)cc2)cc1,CCCCCCCCCCCC(=O)Cl,2.7431282282261953
900,Nc1ccc(F)cc1,CC(C)C(=O)Cl,2.498862553450095
902,Nc1ccccc1,CC(C)C(=O)Cl,2.401146872858973
903,Cc1cc(C)c(N)c(C)c1,CC(C)C(=O)Cl,1.7855056453984408
904,CCCCCCCc1ccc(N)cc1,CC(C)C(=O)Cl,2.9082343098208767
905,CC(C)c1cccc(C(C)C)c1N,CC(C)C(=O)Cl,1.2474511350419524
906,C1CCC(NC2CCCCC2)CC1,CC(C)C(=O)Cl,1.280673800419742
907,CCCCCCc1ccc(N)cc1,CC(C)C(=O)Cl,2.9913819624444313
908,CSc1ccccc1N,CC(C)C(=O)Cl,1.5933467186568535
909,Nc1ccccc1-c1ccccc1,CC(C)C(=O)Cl,1.8075453743013494
911,CC(C)NC(C)C,CC(C)C(=O)Cl,1.330276383463315
912,Nc1ccc(Br)cc1,CC(C)C(=O)Cl,1.580355217528206
914,Nc1cccc2cccnc12,CC(C)C(=O)Cl,2.6283379486521325
915,CC(=O)c1cccc(N)c1,CC(C)C(=O)Cl,1.5368190083689601
917,COc1ccc(C(F)(F)F)cc1N,CC(C)C(=O)Cl,1.3335232740160754
918,COCCOc1ccccc1N,CC(C)C(=O)Cl,3.066465001835441
920,CC1CCCC(C)N1,CC(C)C(=O)Cl,1.2751832136985097
921,C=Cc1ccc(N)cc1,CC(C)C(=O)Cl,2.296430052885805
923,Cc1cccc(N)c1,CC(C)C(=O)Cl,2.5446461213340767
924,CC(C)NC1CCCCC1,CC(C)C(=O)Cl,1.8728814687929032
925,COc1ccccc1N,CC(C)C(=O)Cl,2.6799549823963686
926,NC(c1ccccc1)(c1ccccc1)c1ccccc1,CC(C)C(=O)Cl,1.384173720829773
927,Cc1cccc(C)c1N,CC(C)C(=O)Cl,1.246252798817258
928,CC1CN(C(=O)OC(C)(C)C)CC(C)N1,CC(C)C(=O)Cl,1.4120375559113285
929,N#CCCNc1ccccc1,CC(C)C(=O)Cl,1.3625424068356329
930,Nc1ccccc1F,CC(C)C(=O)Cl,1.3606949073435781
931,COc1cccc(N)c1,CC(C)C(=O)Cl,2.2905482653834026
932,Nc1ccc(C(=O)c2ccccc2)cc1,CC(C)C(=O)Cl,1.4416188404409493
933,Nc1ccc(Oc2ccc(F)cc2)cc1,CC(C)C(=O)Cl,2.4420982326406753
935,Nc1ccc(F)cc1,O=C(Cl)C=Cc1ccccc1,2.6213170921260804
937,Nc1ccccc1,O=C(Cl)C=Cc1ccccc1,2.653691683808109
938,Cc1cc(C)c(N)c(C)c1,O=C(Cl)C=Cc1ccccc1,2.6662611788566855
939,CCCCCCCc1ccc(N)cc1,O=C(Cl)C=Cc1ccccc1,2.653691683808109
940,CC(C)c1cccc(C(C)C)c1N,O=C(Cl)C=Cc1ccccc1,2.2601151698206228
941,C1CCC(NC2CCCCC2)CC1,O=C(Cl)C=Cc1ccccc1,2.2601151698206228
942,CCCCCCc1ccc(N)cc1,O=C(Cl)C=Cc1ccccc1,2.873864732304265
943,CSc1ccccc1N,O=C(Cl)C=Cc1ccccc1,2.2522709992759604
944,Nc1ccccc1-c1ccccc1,O=C(Cl)C=Cc1ccccc1,2.3895611576163285
946,CC(C)NC(C)C,O=C(Cl)C=Cc1ccccc1,2.4555568632291402
947,Nc1ccc(Br)cc1,O=C(Cl)C=Cc1ccccc1,2.775963959878715
949,Nc1cccc2cccnc12,O=C(Cl)C=Cc1ccccc1,2.5120227063934935
950,CC(=O)c1cccc(N)c1,O=C(Cl)C=Cc1ccccc1,2.7755363858548385
952,COc1ccc(C(F)(F)F)cc1N,O=C(Cl)C=Cc1ccccc1,2.5897109486677974
953,COCCOc1ccccc1N,O=C(Cl)C=Cc1ccccc1,2.48202212273939
955,CC1CCCC(C)N1,O=C(Cl)C=Cc1ccccc1,2.495840754185813
956,C=Cc1ccc(N)cc1,O=C(Cl)C=Cc1ccccc1,2.9102270318215737
958,Cc1cccc(N)c1,O=C(Cl)C=Cc1ccccc1,2.2255181274067444
959,CC(C)NC1CCCCC1,O=C(Cl)C=Cc1ccccc1,2.248025468365446
960,COc1ccccc1N,O=C(Cl)C=Cc1ccccc1,2.3118349553304176
961,NC(c1ccccc1)(c1ccccc1)c1ccccc1,O=C(Cl)C=Cc1ccccc1,2.5941351278752074
962,Cc1cccc(C)c1N,O=C(Cl)C=Cc1ccccc1,2.5490554640294274
963,CC1CN(C(=O)OC(C)(C)C)CC(C)N1,O=C(Cl)C=Cc1ccccc1,2.233148233611717
964,N#CCCNc1ccccc1,O=C(Cl)C=Cc1ccccc1,2.5181459953256193
965,Nc1ccccc1F,O=C(Cl)C=Cc1ccccc1,2.355799116574243
966,COc1cccc(N)c1,O=C(Cl)C=Cc1ccccc1,2.1064591549925407
967,Nc1ccc(C(=O)c2ccccc2)cc1,O=C(Cl)C=Cc1ccccc1,2.7297916280812835
968,Nc1ccc(Oc2ccc(F)cc2)cc1,O=C(Cl)C=Cc1ccccc1,2.2179082670821817
970,Nc1ccc(F)cc1,O=C(Cl)c1ccc(Br)cc1,1.5148444814529032
972,Nc1ccccc1,O=C(Cl)c1ccc(Br)cc1,1.5108609690053874
973,Cc1cc(C)c(N)c(C)c1,O=C(Cl)c1ccc(Br)cc1,1.5331334267355727
974,CCCCCCCc1ccc(N)cc1,O=C(Cl)c1ccc(Br)cc1,1.9898683855076371
975,CC(C)c1cccc(C(C)C)c1N,O=C(Cl)c1ccc(Br)cc1,1.3277300687266198
976,C1CCC(NC2CCCCC2)CC1,O=C(Cl)c1ccc(Br)cc1,1.427533001928914
977,CCCCCCc1ccc(N)cc1,O=C(Cl)c1ccc(Br)cc1,1.9656126128795959
978,CSc1ccccc1N,O=C(Cl)c1ccc(Br)cc1,1.2015315351419296
979,Nc1ccccc1-c1ccccc1,O=C(Cl)c1ccc(Br)cc1,1.2815102455804483
981,CC(C)NC(C)C,O=C(Cl)c1ccc(Br)cc1,1.2858859662437885
982,Nc1ccc(Br)cc1,O=C(Cl)c1ccc(Br)cc1,0.6537229451686326
984,Nc1cccc2cccnc12,O=C(Cl)c1ccc(Br)cc1,1.2921489309878518
985,CC(=O)c1cccc(N)c1,O=C(Cl)c1ccc(Br)cc1,1.2739134723186223
987,COc1ccc(C(F)(F)F)cc1N,O=C(Cl)c1ccc(Br)cc1,1.2263562633976204
988,COCCOc1ccccc1N,O=C(Cl)c1ccc(Br)cc1,1.8719606901020447
990,CC1CCCC(C)N1,O=C(Cl)c1ccc(Br)cc1,0.850464602635214
991,C=Cc1ccc(N)cc1,O=C(Cl)c1ccc(Br)cc1,1.1712235147949606
993,Cc1cccc(N)c1,O=C(Cl)c1ccc(Br)cc1,1.903859235768654
994,CC(C)NC1CCCCC1,O=C(Cl)c1ccc(Br)cc1,1.9020320218462023
995,COc1ccccc1N,O=C(Cl)c1ccc(Br)cc1,1.8506148235915283
996,NC(c1ccccc1)(c1ccccc1)c1ccccc1,O=C(Cl)c1ccc(Br)cc1,1.433886504141621
997,Cc1cccc(C)c1N,O=C(Cl)c1ccc(Br)cc1,1.3754123588981984
998,CC1CN(C(=O)OC(C)(C)C)CC(C)N1,O=C(Cl)c1ccc(Br)cc1,1.3881801713039188
999,N#CCCNc1ccccc1,O=C(Cl)c1ccc(Br)cc1,1.3807969389396053
1000,Nc1ccccc1F,O=C(Cl)c1ccc(Br)cc1,1.4302217442283545
1001,COc1cccc(N)c1,O=C(Cl)c1ccc(Br)cc1,1.485857624851429
1002,Nc1ccc(C(=O)c2ccccc2)cc1,O=C(Cl)c1ccc(Br)cc1,1.510399246706866
1003,Nc1ccc(Oc2ccc(F)cc2)cc1,O=C(Cl)c1ccc(Br)cc1,1.7214028733537714
1005,Nc1ccc(F)cc1,COc1cc(C(=O)Cl)cc(OC)c1OC,0.9915562456448115
1007,Nc1ccccc1,COc1cc(C(=O)Cl)cc(OC)c1OC,0.8985540390273906
1008,Cc1cc(C)c(N)c(C)c1,COc1cc(C(=O)Cl)cc(OC)c1OC,0.9558911145403861
1009,CCCCCCCc1ccc(N)cc1,COc1cc(C(=O)Cl)cc(OC)c1OC,1.4540944848435775
1010,CC(C)c1cccc(C(C)C)c1N,COc1cc(C(=O)Cl)cc(OC)c1OC,0.5368069405421838
1011,C1CCC(NC2CCCCC2)CC1,COc1cc(C(=O)Cl)cc(OC)c1OC,0.872064584846081
1012,CCCCCCc1ccc(N)cc1,COc1cc(C(=O)Cl)cc(OC)c1OC,1.5668052393883394
1013,CSc1ccccc1N,COc1cc(C(=O)Cl)cc(OC)c1OC,0.5206134954699498
1014,Nc1ccccc1-c1ccccc1,COc1cc(C(=O)Cl)cc(OC)c1OC,0.5876719794478007
1016,CC(C)NC(C)C,COc1cc(C(=O)Cl)cc(OC)c1OC,0.6725059187836467
1017,Nc1ccc(Br)cc1,COc1cc(C(=O)Cl)cc(OC)c1OC,0.5089916825016751
1019,Nc1cccc2cccnc12,COc1cc(C(=O)Cl)cc(OC)c1OC,0.8734256268112959
1020,CC(=O)c1cccc(N)c1,COc1cc(C(=O)Cl)cc(OC)c1OC,0.5182343363835143
1022,COc1ccc(C(F)(F)F)cc1N,COc1cc(C(=O)Cl)cc(OC)c1OC,0.5532451266708303
1023,COCCOc1ccccc1N,COc1cc(C(=O)Cl)cc(OC)c1OC,1.3715448652764546
1025,CC1CCCC(C)N1,COc1cc(C(=O)Cl)cc(OC)c1OC,0.6736014278527503
1026,C=Cc1ccc(N)cc1,COc1cc(C(=O)Cl)cc(OC)c1OC,0.9327720927665637
1028,Cc1cccc(N)c1,COc1cc(C(=O)Cl)cc(OC)c1OC,1.2298680254204153
1029,CC(C)NC1CCCCC1,COc1cc(C(=O)Cl)cc(OC)c1OC,1.303974376272615
1030,COc1ccccc1N,COc1cc(C(=O)Cl)cc(OC)c1OC,1.2389576379743943
1031,NC(c1ccccc1)(c1ccccc1)c1ccccc1,COc1cc(C(=O)Cl)cc(OC)c1OC,0.5614621836353287
1032,Cc1cccc(C)c1N,COc1cc(C(=O)Cl)cc(OC)c1OC,0.599145450035822
1033,CC1CN(C(=O)OC(C)(C)C)CC(C)N1,COc1cc(C(=O)Cl)cc(OC)c1OC,0.9556350902857763
1034,N#CCCNc1ccccc1,COc1cc(C(=O)Cl)cc(OC)c1OC,0.558379111216034
1035,Nc1ccccc1F,COc1cc(C(=O)Cl)cc(OC)c1OC,0.5858216293840759
1036,COc1cccc(N)c1,COc1cc(C(=O)Cl)cc(OC)c1OC,0.9159956869487662
1037,Nc1ccc(C(=O)c2ccccc2)cc1,COc1cc(C(=O)Cl)cc(OC)c1OC,0.6284492951381558
1038,Nc1ccc(Oc2ccc(F)cc2)cc1,COc1cc(C(=O)Cl)cc(OC)c1OC,1.1028544587058955
1040,Nc1ccc(F)cc1,O=C(Cl)c1ccc([N+](=O)[O-])cc1,2.4141403401457544
1042,Nc1ccccc1,O=C(Cl)c1ccc([N+](=O)[O-])cc1,2.435451093361703
1043,Cc1cc(C)c(N)c(C)c1,O=C(Cl)c1ccc([N+](=O)[O-])cc1,2.397697747416052
1044,CCCCCCCc1ccc(N)cc1,O=C(Cl)c1ccc([N+](=O)[O-])cc1,2.95827095664814
1045,CC(C)c1cccc(C(C)C)c1N,O=C(Cl)c1ccc([N+](=O)[O-])cc1,2.0970258034104488
1046,C1CCC(NC2CCCCC2)CC1,O=C(Cl)c1ccc([N+](=O)[O-])cc1,2.2879794910200966
1047,CCCCCCc1ccc(N)cc1,O=C(Cl)c1ccc([N+](=O)[O-])cc1,3.0585180456561325
1048,CSc1ccccc1N,O=C(Cl)c1ccc([N+](=O)[O-])cc1,1.9381969371091043
1049,Nc1ccccc1-c1ccccc1,O=C(Cl)c1ccc([N+](=O)[O-])cc1,2.314406268058956
1051,CC(C)NC(C)C,O=C(Cl)c1ccc([N+](=O)[O-])cc1,2.5749436926484166
1052,Nc1ccc(Br)cc1,O=C(Cl)c1ccc([N+](=O)[O-])cc1,2.200453031988061
1054,Nc1cccc2cccnc12,O=C(Cl)c1ccc([N+](=O)[O-])cc1,2.6246441696706047
1055,CC(=O)c1cccc(N)c1,O=C(Cl)c1ccc([N+](=O)[O-])cc1,2.2142191119884456
1057,COc1ccc(C(F)(F)F)cc1N,O=C(Cl)c1ccc([N+](=O)[O-])cc1,2.164431967514264
1058,COCCOc1ccccc1N,O=C(Cl)c1ccc([N+](=O)[O-])cc1,3.1426822877435594
1060,CC1CCCC(C)N1,O=C(Cl)c1ccc([N+](=O)[O-])cc1,2.5863391945082097
1061,C=Cc1ccc(N)cc1,O=C(Cl)c1ccc([N+](=O)[O-])cc1,2.5993424416228312
1063,Cc1cccc(N)c1,O=C(Cl)c1ccc([N+](=O)[O-])cc1,2.573050214011414
1064,CC(C)NC1CCCCC1,O=C(Cl)c1ccc([N+](=O)[O-])cc1,2.1510706562326827
1065,COc1ccccc1N,O=C(Cl)c1ccc([N+](=O)[O-])cc1,2.8424379800692083
1066,NC(c1ccccc1)(c1ccccc1)c1ccccc1,O=C(Cl)c1ccc([N+](=O)[O-])cc1,1.8521822524498643
1067,Cc1cccc(C)c1N,O=C(Cl)c1ccc([N+](=O)[O-])cc1,1.9204060157232514
1068,CC1CN(C(=O)OC(C)(C)C)CC(C)N1,O=C(Cl)c1ccc([N+](=O)[O-])cc1,2.4312095677162877
1069,N#CCCNc1ccccc1,O=C(Cl)c1ccc([N+](=O)[O-])cc1,1.872870043290321
1070,Nc1ccccc1F,O=C(Cl)c1ccc([N+](=O)[O-])cc1,1.8006027991330373
1071,COc1cccc(N)c1,O=C(Cl)c1ccc([N+](=O)[O-])cc1,2.1545112532738027
1072,Nc1ccc(C(=O)c2ccccc2)cc1,O=C(Cl)c1ccc([N+](=O)[O-])cc1,1.7441329238616667
1073,Nc1ccc(Oc2ccc(F)cc2)cc1,O=C(Cl)c1ccc([N+](=O)[O-])cc1,2.8471385816648294
1075,Nc1ccc(F)cc1,O=C(Cl)C12CC3CC(CC(C3)C1)C2,1.8205645467740694
1077,Nc1ccccc1,O=C(Cl)C12CC3CC(CC(C3)C1)C2,1.624195848354401
1078,Cc1cc(C)c(N)c(C)c1,O=C(Cl)C12CC3CC(CC(C3)C1)C2,0.5151919165915563
1079,CCCCCCCc1ccc(N)cc1,O=C(Cl)C12CC3CC(CC(C3)C1)C2,2.136694367630788
1080,CC(C)c1cccc(C(C)C)c1N,O=C(Cl)C12CC3CC(CC(C3)C1)C2,0.533401618909383
1081,C1CCC(NC2CCCCC2)CC1,O=C(Cl)C12CC3CC(CC(C3)C1)C2,0.5848493151229608
1082,CCCCCCc1ccc(N)cc1,O=C(Cl)C12CC3CC(CC(C3)C1)C2,2.163656788745917
1083,CSc1ccccc1N,O=C(Cl)C12CC3CC(CC(C3)C1)C2,0.7759291121726216
1084,Nc1ccccc1-c1ccccc1,O=C(Cl)C12CC3CC(CC(C3)C1)C2,1.2545749860991204
1086,CC(C)NC(C)C,O=C(Cl)C12CC3CC(CC(C3)C1)C2,0.5753737696747265
1087,Nc1ccc(Br)cc1,O=C(Cl)C12CC3CC(CC(C3)C1)C2,0.9868155898397891
1089,Nc1cccc2cccnc12,O=C(Cl)C12CC3CC(CC(C3)C1)C2,2.0103712611764526
1090,CC(=O)c1cccc(N)c1,O=C(Cl)C12CC3CC(CC(C3)C1)C2,1.0579648356784532
1092,COc1ccc(C(F)(F)F)cc1N,O=C(Cl)C12CC3CC(CC(C3)C1)C2,0.8476431001273326
1093,COCCOc1ccccc1N,O=C(Cl)C12CC3CC(CC(C3)C1)C2,2.3522569774040427
1095,CC1CCCC(C)N1,O=C(Cl)C12CC3CC(CC(C3)C1)C2,0.9004881774084937
1096,C=Cc1ccc(N)cc1,O=C(Cl)C12CC3CC(CC(C3)C1)C2,1.7370077112103666
1098,Cc1cccc(N)c1,O=C(Cl)C12CC3CC(CC(C3)C1)C2,1.7576731257149902
1099,CC(C)NC1CCCCC1,O=C(Cl)C12CC3CC(CC(C3)C1)C2,0.6501706109610196
1100,COc1ccccc1N,O=C(Cl)C12CC3CC(CC(C3)C1)C2,1.9630455898230348
1101,NC(c1ccccc1)(c1ccccc1)c1ccccc1,O=C(Cl)C12CC3CC(CC(C3)C1)C2,0.7442320360623571
1102,Cc1cccc(C)c1N,O=C(Cl)C12CC3CC(CC(C3)C1)C2,-0.22076165426286232
1103,CC1CN(C(=O)OC(C)(C)C)CC(C)N1,O=C(Cl)C12CC3CC(CC(C3)C1)C2,0.8391644082896069
1104,N#CCCNc1ccccc1,O=C(Cl)C12CC3CC(CC(C3)C1)C2,0.7448721287431421
1105,Nc1ccccc1F,O=C(Cl)C12CC3CC(CC(C3)C1)C2,0.5083638146704311
1106,COc1cccc(N)c1,O=C(Cl)C12CC3CC(CC(C3)C1)C2,1.551697944707808
1107,Nc1ccc(C(=O)c2ccccc2)cc1,O=C(Cl)C12CC3CC(CC(C3)C1)C2,1.1249387364997263
1108,Nc1ccc(Oc2ccc(F)cc2)cc1,O=C(Cl)C12CC3CC(CC(C3)C1)C2,1.7133246983871142
