,UMAP1,UMAP2
C1CCC(NC2CCCCC2)CC1.CC(=O)Cl,-2.090525,7.6468964
C1CCC(NC2CCCCC2)CC1.CC(C)(C)C(=O)Cl,-5.9696736,6.937176
C1CCC(NC2CCCCC2)CC1.CC(C)(C)c1ccc(C(=O)Cl)cc1,5.8333964,5.9884114
C1CCC(NC2CCCCC2)CC1.CC(C)C(=O)Cl,-4.5060186,6.800659
C1CCC(NC2CCCCC2)CC1.CCC(C(=O)Cl)c1ccccc1,-4.579687,5.4473085
C1CCC(NC2CCCCC2)CC1.CCCCC(=O)Cl,-3.8185773,7.1524153
C1CCC(NC2CCCCC2)CC1.CCCCC(CC)C(=O)Cl,-4.219474,5.838032
C1CCC(NC2CCCCC2)CC1.CCCCCCC(=O)Cl,-3.81473,6.814103
C1CCC(NC2CCCCC2)CC1.CCCCCCCCCCCC(=O)Cl,-3.040633,5.981345
C1CCC(NC2CCCCC2)CC1.CCc1ccc(C(=O)Cl)cc1,6.116633,6.1311045
C1CCC(NC2CCCCC2)CC1.COc1cc(C(=O)Cl)cc(OC)c1OC,4.950608,5.468601
C1CCC(NC2CCCCC2)CC1.COc1ccc(C(=O)Cl)cc1,5.5301614,5.9773912
C1CCC(NC2CCCCC2)CC1.Cc1ccc(C(=O)Cl)cc1,6.249891,6.0908747
C1CCC(NC2CCCCC2)CC1.Cc1ccccc1C(=O)Cl,6.0577826,6.116951
C1CCC(NC2CCCCC2)CC1.O=C(Cl)C12CC3CC(CC(C3)C1)C2,-6.540203,6.88323
C1CCC(NC2CCCCC2)CC1.O=C(Cl)C=Cc1ccccc1,5.1720405,7.181436
C1CCC(NC2CCCCC2)CC1.O=C(Cl)c1ccc(-c2ccccc2)cc1,4.8250575,5.3065743
C1CCC(NC2CCCCC2)CC1.O=C(Cl)c1ccc(Br)cc1,7.3197603,5.791581
C1CCC(NC2CCCCC2)CC1.O=C(Cl)c1ccc(C(F)(F)F)cc1,7.6870303,5.7176995
C1CCC(NC2CCCCC2)CC1.O=C(Cl)c1ccc(Cl)cc1,6.9364953,6.21868
C1CCC(NC2CCCCC2)CC1.O=C(Cl)c1ccc(Cl)cc1Cl,8.089194,5.31394
C1CCC(NC2CCCCC2)CC1.O=C(Cl)c1ccc(F)cc1,6.662966,6.065845
C1CCC(NC2CCCCC2)CC1.O=C(Cl)c1ccc(F)cc1F,7.400229,5.4473543
C1CCC(NC2CCCCC2)CC1.O=C(Cl)c1ccc(OC(F)(F)F)cc1,6.8440437,5.6471434
C1CCC(NC2CCCCC2)CC1.O=C(Cl)c1ccc(SC(F)(F)F)cc1,7.874988,5.4172697
C1CCC(NC2CCCCC2)CC1.O=C(Cl)c1ccc([N+](=O)[O-])cc1,8.435984,5.849564
C1CCC(NC2CCCCC2)CC1.O=C(Cl)c1ccc2ccccc2c1,5.1699457,5.339351
C1CCC(NC2CCCCC2)CC1.O=C(Cl)c1cccc2ccccc12,5.041984,5.2565513
C1CCC(NC2CCCCC2)CC1.O=C(Cl)c1ccccc1,6.583013,5.7736917
C1CCC(NC2CCCCC2)CC1.O=C(Cl)c1ccco1,7.2398696,8.405756
C1CCC(NC2CCCCC2)CC1.O=C(Cl)c1cccs1,6.725212,7.4327483
C=Cc1ccc(N)cc1.CC(=O)Cl,-0.54473966,8.489036
C=Cc1ccc(N)cc1.CC(C)(C)C(=O)Cl,-7.131186,8.420622
C=Cc1ccc(N)cc1.CC(C)(C)c1ccc(C(=O)Cl)cc1,15.17086,12.129604
C=Cc1ccc(N)cc1.CC(C)C(=O)Cl,-5.534168,9.276531
C=Cc1ccc(N)cc1.CCC(C(=O)Cl)c1ccccc1,-5.7806196,3.6252604
C=Cc1ccc(N)cc1.CCCCC(=O)Cl,-3.2368548,9.857742
C=Cc1ccc(N)cc1.CCCCC(CC)C(=O)Cl,-4.3491693,3.6373384
C=Cc1ccc(N)cc1.CCCCCCC(=O)Cl,-2.9799972,9.482892
C=Cc1ccc(N)cc1.CCCCCCCCCCCC(=O)Cl,-1.6499612,5.630323
C=Cc1ccc(N)cc1.CCc1ccc(C(=O)Cl)cc1,14.737592,11.736786
C=Cc1ccc(N)cc1.COc1cc(C(=O)Cl)cc(OC)c1OC,19.581558,9.415087
C=Cc1ccc(N)cc1.COc1ccc(C(=O)Cl)cc1,14.648856,12.7082405
C=Cc1ccc(N)cc1.Cc1ccc(C(=O)Cl)cc1,14.320814,11.471617
C=Cc1ccc(N)cc1.Cc1ccccc1C(=O)Cl,13.442145,14.334359
C=Cc1ccc(N)cc1.O=C(Cl)C12CC3CC(CC(C3)C1)C2,-8.253765,7.0714397
C=Cc1ccc(N)cc1.O=C(Cl)C=Cc1ccccc1,3.8152006,9.142908
C=Cc1ccc(N)cc1.O=C(Cl)c1ccc(-c2ccccc2)cc1,19.442781,10.392568
C=Cc1ccc(N)cc1.O=C(Cl)c1ccc(Br)cc1,13.316513,8.886401
C=Cc1ccc(N)cc1.O=C(Cl)c1ccc(C(F)(F)F)cc1,11.630443,8.816223
C=Cc1ccc(N)cc1.O=C(Cl)c1ccc(Cl)cc1,13.574243,10.09976
C=Cc1ccc(N)cc1.O=C(Cl)c1ccc(Cl)cc1Cl,13.48374,6.2383404
C=Cc1ccc(N)cc1.O=C(Cl)c1ccc(F)cc1,13.844477,10.461922
C=Cc1ccc(N)cc1.O=C(Cl)c1ccc(F)cc1F,14.664827,7.13881
C=Cc1ccc(N)cc1.O=C(Cl)c1ccc(OC(F)(F)F)cc1,12.7618685,9.582977
C=Cc1ccc(N)cc1.O=C(Cl)c1ccc(SC(F)(F)F)cc1,11.05904,7.7915926
C=Cc1ccc(N)cc1.O=C(Cl)c1ccc([N+](=O)[O-])cc1,10.630518,6.407252
C=Cc1ccc(N)cc1.O=C(Cl)c1ccc2ccccc2c1,19.334099,10.338787
C=Cc1ccc(N)cc1.O=C(Cl)c1cccc2ccccc12,18.805458,11.841678
C=Cc1ccc(N)cc1.O=C(Cl)c1ccccc1,13.867032,10.94272
C=Cc1ccc(N)cc1.O=C(Cl)c1ccco1,7.404499,9.64242
C=Cc1ccc(N)cc1.O=C(Cl)c1cccs1,9.534928,10.213442
CC(=O)c1cccc(N)c1.CC(=O)Cl,-0.6101923,8.149174
CC(=O)c1cccc(N)c1.CC(C)(C)C(=O)Cl,-7.47692,8.590511
CC(=O)c1cccc(N)c1.CC(C)(C)c1ccc(C(=O)Cl)cc1,15.093022,11.741283
CC(=O)c1cccc(N)c1.CC(C)C(=O)Cl,-5.1324334,9.517338
CC(=O)c1cccc(N)c1.CCC(C(=O)Cl)c1ccccc1,-5.5814857,3.6676373
CC(=O)c1cccc(N)c1.CCCCC(=O)Cl,-3.541763,10.178777
CC(=O)c1cccc(N)c1.CCCCC(CC)C(=O)Cl,-4.53589,3.4641829
CC(=O)c1cccc(N)c1.CCCCCCC(=O)Cl,-3.0741532,9.862695
CC(=O)c1cccc(N)c1.CCCCCCCCCCCC(=O)Cl,-1.7950784,5.877778
CC(=O)c1cccc(N)c1.CCc1ccc(C(=O)Cl)cc1,14.861165,11.236306
CC(=O)c1cccc(N)c1.COc1cc(C(=O)Cl)cc(OC)c1OC,18.964424,9.97645
CC(=O)c1cccc(N)c1.COc1ccc(C(=O)Cl)cc1,14.960476,11.978924
CC(=O)c1cccc(N)c1.Cc1ccc(C(=O)Cl)cc1,14.643647,11.201425
CC(=O)c1cccc(N)c1.Cc1ccccc1C(=O)Cl,13.647208,13.889092
CC(=O)c1cccc(N)c1.O=C(Cl)C12CC3CC(CC(C3)C1)C2,-8.136449,7.008975
CC(=O)c1cccc(N)c1.O=C(Cl)C=Cc1ccccc1,4.185501,8.933147
CC(=O)c1cccc(N)c1.O=C(Cl)c1ccc(-c2ccccc2)cc1,19.059416,10.43077
CC(=O)c1cccc(N)c1.O=C(Cl)c1ccc(Br)cc1,13.664568,8.776665
CC(=O)c1cccc(N)c1.O=C(Cl)c1ccc(C(F)(F)F)cc1,12.087839,8.835991
CC(=O)c1cccc(N)c1.O=C(Cl)c1ccc(Cl)cc1,13.89684,9.887734
CC(=O)c1cccc(N)c1.O=C(Cl)c1ccc(Cl)cc1Cl,13.384829,6.313786
CC(=O)c1cccc(N)c1.O=C(Cl)c1ccc(F)cc1,14.109102,10.20466
CC(=O)c1cccc(N)c1.O=C(Cl)c1ccc(F)cc1F,14.571045,7.3827424
CC(=O)c1cccc(N)c1.O=C(Cl)c1ccc(OC(F)(F)F)cc1,13.542607,9.806985
CC(=O)c1cccc(N)c1.O=C(Cl)c1ccc(SC(F)(F)F)cc1,11.391581,7.6014457
CC(=O)c1cccc(N)c1.O=C(Cl)c1ccc([N+](=O)[O-])cc1,10.934672,6.6107426
CC(=O)c1cccc(N)c1.O=C(Cl)c1ccc2ccccc2c1,18.718884,10.570271
CC(=O)c1cccc(N)c1.O=C(Cl)c1cccc2ccccc12,18.484207,11.550702
CC(=O)c1cccc(N)c1.O=C(Cl)c1ccccc1,14.383088,10.579422
CC(=O)c1cccc(N)c1.O=C(Cl)c1ccco1,7.3336787,9.7863245
CC(=O)c1cccc(N)c1.O=C(Cl)c1cccs1,9.755582,10.278074
CC(C)NC1CCCCC1.CC(=O)Cl,-1.9014475,7.6628895
CC(C)NC1CCCCC1.CC(C)(C)C(=O)Cl,-5.8556933,6.879379
CC(C)NC1CCCCC1.CC(C)(C)c1ccc(C(=O)Cl)cc1,5.8164043,5.922306
CC(C)NC1CCCCC1.CC(C)C(=O)Cl,-4.687554,6.876745
CC(C)NC1CCCCC1.CCC(C(=O)Cl)c1ccccc1,-4.765213,5.4179063
CC(C)NC1CCCCC1.CCCCC(=O)Cl,-3.5683818,6.746943
CC(C)NC1CCCCC1.CCCCC(CC)C(=O)Cl,-4.239089,5.6729846
CC(C)NC1CCCCC1.CCCCCCC(=O)Cl,-3.6615589,6.4558725
CC(C)NC1CCCCC1.CCCCCCCCCCCC(=O)Cl,-3.0768423,6.073536
CC(C)NC1CCCCC1.CCc1ccc(C(=O)Cl)cc1,6.039072,6.4600983
CC(C)NC1CCCCC1.COc1cc(C(=O)Cl)cc(OC)c1OC,4.7433095,5.6299343
CC(C)NC1CCCCC1.COc1ccc(C(=O)Cl)cc1,5.360749,6.4873047
CC(C)NC1CCCCC1.Cc1ccc(C(=O)Cl)cc1,6.0975213,6.4818254
CC(C)NC1CCCCC1.Cc1ccccc1C(=O)Cl,6.1574373,6.2013564
CC(C)NC1CCCCC1.O=C(Cl)C12CC3CC(CC(C3)C1)C2,-6.7903767,6.723244
CC(C)NC1CCCCC1.O=C(Cl)C=Cc1ccccc1,5.1570826,7.375433
CC(C)NC1CCCCC1.O=C(Cl)c1ccc(-c2ccccc2)cc1,4.663784,5.368229
CC(C)NC1CCCCC1.O=C(Cl)c1ccc(Br)cc1,6.886201,5.985368
CC(C)NC1CCCCC1.O=C(Cl)c1ccc(C(F)(F)F)cc1,7.8808823,5.9245067
CC(C)NC1CCCCC1.O=C(Cl)c1ccc(Cl)cc1,7.094045,6.5168533
CC(C)NC1CCCCC1.O=C(Cl)c1ccc(Cl)cc1Cl,8.355648,5.345694
CC(C)NC1CCCCC1.O=C(Cl)c1ccc(F)cc1,6.801679,6.517067
CC(C)NC1CCCCC1.O=C(Cl)c1ccc(F)cc1F,7.6779327,5.589813
CC(C)NC1CCCCC1.O=C(Cl)c1ccc(OC(F)(F)F)cc1,7.002758,6.003261
CC(C)NC1CCCCC1.O=C(Cl)c1ccc(SC(F)(F)F)cc1,7.9195147,5.869136
CC(C)NC1CCCCC1.O=C(Cl)c1ccc([N+](=O)[O-])cc1,8.542766,6.0123024
CC(C)NC1CCCCC1.O=C(Cl)c1ccc2ccccc2c1,4.6046066,5.50098
CC(C)NC1CCCCC1.O=C(Cl)c1cccc2ccccc12,5.0514417,5.508619
CC(C)NC1CCCCC1.O=C(Cl)c1ccccc1,6.5742664,6.5044
CC(C)NC1CCCCC1.O=C(Cl)c1ccco1,7.245468,8.414248
CC(C)NC1CCCCC1.O=C(Cl)c1cccs1,6.9552345,7.5593767
CC(C)c1cccc(C(C)C)c1N.CC(=O)Cl,-1.5605357,8.285401
CC(C)c1cccc(C(C)C)c1N.CC(C)(C)C(=O)Cl,-6.6472464,7.7771487
CC(C)c1cccc(C(C)C)c1N.CC(C)(C)c1ccc(C(=O)Cl)cc1,12.776292,12.7922535
CC(C)c1cccc(C(C)C)c1N.CC(C)C(=O)Cl,-4.90686,8.529364
CC(C)c1cccc(C(C)C)c1N.CCC(C(=O)Cl)c1ccccc1,-5.314873,4.397478
CC(C)c1cccc(C(C)C)c1N.CCCCC(=O)Cl,-3.9723623,8.687513
CC(C)c1cccc(C(C)C)c1N.CCCCC(CC)C(=O)Cl,-4.224797,4.33204
CC(C)c1cccc(C(C)C)c1N.CCCCCCC(=O)Cl,-3.479153,8.563822
CC(C)c1cccc(C(C)C)c1N.CCCCCCCCCCCC(=O)Cl,-2.2600935,6.0794897
CC(C)c1cccc(C(C)C)c1N.CCc1ccc(C(=O)Cl)cc1,12.501491,12.697547
CC(C)c1cccc(C(C)C)c1N.COc1cc(C(=O)Cl)cc(OC)c1OC,18.825611,8.881189
CC(C)c1cccc(C(C)C)c1N.COc1ccc(C(=O)Cl)cc1,13.025284,13.186342
CC(C)c1cccc(C(C)C)c1N.Cc1ccc(C(=O)Cl)cc1,12.340129,12.295025
CC(C)c1cccc(C(C)C)c1N.Cc1ccccc1C(=O)Cl,12.416481,13.797342
CC(C)c1cccc(C(C)C)c1N.O=C(Cl)C12CC3CC(CC(C3)C1)C2,-7.4381704,6.7026463
CC(C)c1cccc(C(C)C)c1N.O=C(Cl)C=Cc1ccccc1,4.436672,8.843418
CC(C)c1cccc(C(C)C)c1N.O=C(Cl)c1ccc(-c2ccccc2)cc1,18.955877,9.276997
CC(C)c1cccc(C(C)C)c1N.O=C(Cl)c1ccc(Br)cc1,12.553997,8.858902
CC(C)c1cccc(C(C)C)c1N.O=C(Cl)c1ccc(C(F)(F)F)cc1,10.834936,9.525644
CC(C)c1cccc(C(C)C)c1N.O=C(Cl)c1ccc(Cl)cc1,11.723452,10.844346
CC(C)c1cccc(C(C)C)c1N.O=C(Cl)c1ccc(Cl)cc1Cl,13.899896,6.0474987
CC(C)c1cccc(C(C)C)c1N.O=C(Cl)c1ccc(F)cc1,11.97273,11.386445
CC(C)c1cccc(C(C)C)c1N.O=C(Cl)c1ccc(F)cc1F,14.016218,7.157981
CC(C)c1cccc(C(C)C)c1N.O=C(Cl)c1ccc(OC(F)(F)F)cc1,11.509903,10.599002
CC(C)c1cccc(C(C)C)c1N.O=C(Cl)c1ccc(SC(F)(F)F)cc1,10.5458555,8.547857
CC(C)c1cccc(C(C)C)c1N.O=C(Cl)c1ccc([N+](=O)[O-])cc1,10.003157,7.257554
CC(C)c1cccc(C(C)C)c1N.O=C(Cl)c1ccc2ccccc2c1,18.640814,9.506868
CC(C)c1cccc(C(C)C)c1N.O=C(Cl)c1cccc2ccccc12,18.508284,11.304818
CC(C)c1cccc(C(C)C)c1N.O=C(Cl)c1ccccc1,11.894559,11.845844
CC(C)c1cccc(C(C)C)c1N.O=C(Cl)c1ccco1,7.9290895,9.836086
CC(C)c1cccc(C(C)C)c1N.O=C(Cl)c1cccs1,9.641432,10.880736
CC1CCCC(C)N1.CC(=O)Cl,-1.7814399,7.8321643
CC1CCCC(C)N1.CC(C)(C)C(=O)Cl,-6.1055307,7.0807896
CC1CCCC(C)N1.CC(C)(C)c1ccc(C(=O)Cl)cc1,5.814853,6.150191
CC1CCCC(C)N1.CC(C)C(=O)Cl,-4.4915895,7.0171795
CC1CCCC(C)N1.CCC(C(=O)Cl)c1ccccc1,-4.8574653,5.2340965
CC1CCCC(C)N1.CCCCC(=O)Cl,-3.5440712,6.986043
CC1CCCC(C)N1.CCCCC(CC)C(=O)Cl,-4.0504456,5.5570855
CC1CCCC(C)N1.CCCCCCC(=O)Cl,-3.7149758,6.935793
CC1CCCC(C)N1.CCCCCCCCCCCC(=O)Cl,-3.0092158,6.1338124
CC1CCCC(C)N1.CCc1ccc(C(=O)Cl)cc1,5.994449,6.9465146
CC1CCCC(C)N1.COc1cc(C(=O)Cl)cc(OC)c1OC,4.9676895,5.9520025
CC1CCCC(C)N1.COc1ccc(C(=O)Cl)cc1,5.4705606,6.7045097
CC1CCCC(C)N1.Cc1ccc(C(=O)Cl)cc1,6.0136275,6.859409
CC1CCCC(C)N1.Cc1ccccc1C(=O)Cl,6.0924954,6.5291605
CC1CCCC(C)N1.O=C(Cl)C12CC3CC(CC(C3)C1)C2,-6.8951473,6.70091
CC1CCCC(C)N1.O=C(Cl)C=Cc1ccccc1,5.1073837,7.533178
CC1CCCC(C)N1.O=C(Cl)c1ccc(-c2ccccc2)cc1,4.5698414,5.690342
CC1CCCC(C)N1.O=C(Cl)c1ccc(Br)cc1,7.2253423,6.2927732
CC1CCCC(C)N1.O=C(Cl)c1ccc(C(F)(F)F)cc1,7.7318106,6.104688
CC1CCCC(C)N1.O=C(Cl)c1ccc(Cl)cc1,7.219905,6.6729903
CC1CCCC(C)N1.O=C(Cl)c1ccc(Cl)cc1Cl,8.392178,5.7266607
CC1CCCC(C)N1.O=C(Cl)c1ccc(F)cc1,6.7598925,6.777692
CC1CCCC(C)N1.O=C(Cl)c1ccc(F)cc1F,7.7112794,5.949879
CC1CCCC(C)N1.O=C(Cl)c1ccc(OC(F)(F)F)cc1,7.2032294,6.38256
CC1CCCC(C)N1.O=C(Cl)c1ccc(SC(F)(F)F)cc1,8.058175,6.0303235
CC1CCCC(C)N1.O=C(Cl)c1ccc([N+](=O)[O-])cc1,8.640898,6.214748
CC1CCCC(C)N1.O=C(Cl)c1ccc2ccccc2c1,4.9206085,5.6148543
CC1CCCC(C)N1.O=C(Cl)c1cccc2ccccc12,4.940825,5.9865136
CC1CCCC(C)N1.O=C(Cl)c1ccccc1,6.646202,6.53941
CC1CCCC(C)N1.O=C(Cl)c1ccco1,7.331477,8.579863
CC1CCCC(C)N1.O=C(Cl)c1cccs1,6.774156,7.648832
CC1CN(C(=O)OC(C)(C)C)CC(C)N1.CC(=O)Cl,-2.2815812,7.6640396
CC1CN(C(=O)OC(C)(C)C)CC(C)N1.CC(C)(C)C(=O)Cl,-5.7015915,6.722037
CC1CN(C(=O)OC(C)(C)C)CC(C)N1.CC(C)(C)c1ccc(C(=O)Cl)cc1,6.240103,5.192113
CC1CN(C(=O)OC(C)(C)C)CC(C)N1.CC(C)C(=O)Cl,-4.599638,6.5736365
CC1CN(C(=O)OC(C)(C)C)CC(C)N1.CCC(C(=O)Cl)c1ccccc1,-4.6694975,5.82911
CC1CN(C(=O)OC(C)(C)C)CC(C)N1.CCCCC(=O)Cl,-3.6464427,7.011164
CC1CN(C(=O)OC(C)(C)C)CC(C)N1.CCCCC(CC)C(=O)Cl,-4.36984,5.903664
CC1CN(C(=O)OC(C)(C)C)CC(C)N1.CCCCCCC(=O)Cl,-3.5825357,6.8331304
CC1CN(C(=O)OC(C)(C)C)CC(C)N1.CCCCCCCCCCCC(=O)Cl,-3.1589549,6.372961
CC1CN(C(=O)OC(C)(C)C)CC(C)N1.CCc1ccc(C(=O)Cl)cc1,6.0399847,5.1968794
CC1CN(C(=O)OC(C)(C)C)CC(C)N1.COc1cc(C(=O)Cl)cc(OC)c1OC,5.437148,4.968518
CC1CN(C(=O)OC(C)(C)C)CC(C)N1.COc1ccc(C(=O)Cl)cc1,5.9655027,5.548144
CC1CN(C(=O)OC(C)(C)C)CC(C)N1.Cc1ccc(C(=O)Cl)cc1,6.310977,5.4239297
CC1CN(C(=O)OC(C)(C)C)CC(C)N1.Cc1ccccc1C(=O)Cl,6.049347,5.3472447
CC1CN(C(=O)OC(C)(C)C)CC(C)N1.O=C(Cl)C12CC3CC(CC(C3)C1)C2,-6.3642697,6.5164332
CC1CN(C(=O)OC(C)(C)C)CC(C)N1.O=C(Cl)C=Cc1ccccc1,5.336791,6.8076706
CC1CN(C(=O)OC(C)(C)C)CC(C)N1.O=C(Cl)c1ccc(-c2ccccc2)cc1,5.487975,5.0024033
CC1CN(C(=O)OC(C)(C)C)CC(C)N1.O=C(Cl)c1ccc(Br)cc1,6.8769565,5.2832837
CC1CN(C(=O)OC(C)(C)C)CC(C)N1.O=C(Cl)c1ccc(C(F)(F)F)cc1,7.383438,5.2345986
CC1CN(C(=O)OC(C)(C)C)CC(C)N1.O=C(Cl)c1ccc(Cl)cc1,6.80048,5.2202263
CC1CN(C(=O)OC(C)(C)C)CC(C)N1.O=C(Cl)c1ccc(Cl)cc1Cl,7.70837,5.0330677
CC1CN(C(=O)OC(C)(C)C)CC(C)N1.O=C(Cl)c1ccc(F)cc1,6.519709,5.274812
CC1CN(C(=O)OC(C)(C)C)CC(C)N1.O=C(Cl)c1ccc(F)cc1F,7.3889537,5.045791
CC1CN(C(=O)OC(C)(C)C)CC(C)N1.O=C(Cl)c1ccc(OC(F)(F)F)cc1,6.7852755,5.0751395
CC1CN(C(=O)OC(C)(C)C)CC(C)N1.O=C(Cl)c1ccc(SC(F)(F)F)cc1,7.6915674,5.0396557
CC1CN(C(=O)OC(C)(C)C)CC(C)N1.O=C(Cl)c1ccc([N+](=O)[O-])cc1,8.104242,5.59355
CC1CN(C(=O)OC(C)(C)C)CC(C)N1.O=C(Cl)c1ccc2ccccc2c1,5.681552,5.015673
CC1CN(C(=O)OC(C)(C)C)CC(C)N1.O=C(Cl)c1cccc2ccccc12,5.282161,4.849469
CC1CN(C(=O)OC(C)(C)C)CC(C)N1.O=C(Cl)c1ccccc1,6.5149336,5.1209583
CC1CN(C(=O)OC(C)(C)C)CC(C)N1.O=C(Cl)c1ccco1,7.3202887,7.946401
CC1CN(C(=O)OC(C)(C)C)CC(C)N1.O=C(Cl)c1cccs1,6.980564,6.5569887
CCCCCCCc1ccc(N)cc1.CC(=O)Cl,-1.6074505,8.697111
CCCCCCCc1ccc(N)cc1.CC(C)(C)C(=O)Cl,-6.689477,7.7090173
CCCCCCCc1ccc(N)cc1.CC(C)(C)c1ccc(C(=O)Cl)cc1,12.005622,12.344179
CCCCCCCc1ccc(N)cc1.CC(C)C(=O)Cl,-4.723921,8.373506
CCCCCCCc1ccc(N)cc1.CCC(C(=O)Cl)c1ccccc1,-5.111243,4.500793
CCCCCCCc1ccc(N)cc1.CCCCC(=O)Cl,-3.5523493,8.441847
CCCCCCCc1ccc(N)cc1.CCCCC(CC)C(=O)Cl,-4.521754,4.3434687
CCCCCCCc1ccc(N)cc1.CCCCCCC(=O)Cl,-3.2005525,8.275986
CCCCCCCc1ccc(N)cc1.CCCCCCCCCCCC(=O)Cl,-2.3906438,6.666601
CCCCCCCc1ccc(N)cc1.CCc1ccc(C(=O)Cl)cc1,11.557261,12.448449
CCCCCCCc1ccc(N)cc1.COc1cc(C(=O)Cl)cc(OC)c1OC,18.31907,9.049193
CCCCCCCc1ccc(N)cc1.COc1ccc(C(=O)Cl)cc1,12.147515,12.586946
CCCCCCCc1ccc(N)cc1.Cc1ccc(C(=O)Cl)cc1,11.544046,12.34709
CCCCCCCc1ccc(N)cc1.Cc1ccccc1C(=O)Cl,12.245133,13.23315
CCCCCCCc1ccc(N)cc1.O=C(Cl)C12CC3CC(CC(C3)C1)C2,-7.2591505,7.1345043
CCCCCCCc1ccc(N)cc1.O=C(Cl)C=Cc1ccccc1,4.562046,8.670668
CCCCCCCc1ccc(N)cc1.O=C(Cl)c1ccc(-c2ccccc2)cc1,18.183464,9.231774
CCCCCCCc1ccc(N)cc1.O=C(Cl)c1ccc(Br)cc1,12.164201,9.406848
CCCCCCCc1ccc(N)cc1.O=C(Cl)c1ccc(C(F)(F)F)cc1,11.270295,9.9256115
CCCCCCCc1ccc(N)cc1.O=C(Cl)c1ccc(Cl)cc1,11.174209,11.158903
CCCCCCCc1ccc(N)cc1.O=C(Cl)c1ccc(Cl)cc1Cl,13.227289,6.575392
CCCCCCCc1ccc(N)cc1.O=C(Cl)c1ccc(F)cc1,11.193524,11.642447
CCCCCCCc1ccc(N)cc1.O=C(Cl)c1ccc(F)cc1F,13.600554,7.473069
CCCCCCCc1ccc(N)cc1.O=C(Cl)c1ccc(OC(F)(F)F)cc1,11.264884,10.948914
CCCCCCCc1ccc(N)cc1.O=C(Cl)c1ccc(SC(F)(F)F)cc1,11.099857,8.499321
CCCCCCCc1ccc(N)cc1.O=C(Cl)c1ccc([N+](=O)[O-])cc1,10.300848,7.5680714
CCCCCCCc1ccc(N)cc1.O=C(Cl)c1ccc2ccccc2c1,17.955402,9.7133
CCCCCCCc1ccc(N)cc1.O=C(Cl)c1cccc2ccccc12,18.242538,10.955008
CCCCCCCc1ccc(N)cc1.O=C(Cl)c1ccccc1,11.318008,11.833541
CCCCCCCc1ccc(N)cc1.O=C(Cl)c1ccco1,8.038832,10.004899
CCCCCCCc1ccc(N)cc1.O=C(Cl)c1cccs1,10.058809,11.025188
CCCCCCc1ccc(N)cc1.CC(=O)Cl,-1.3792104,8.5474205
CCCCCCc1ccc(N)cc1.CC(C)(C)C(=O)Cl,-6.657699,7.70512
CCCCCCc1ccc(N)cc1.CC(C)(C)c1ccc(C(=O)Cl)cc1,12.295933,12.460386
CCCCCCc1ccc(N)cc1.CC(C)C(=O)Cl,-4.7856884,8.512466
CCCCCCc1ccc(N)cc1.CCC(C(=O)Cl)c1ccccc1,-5.096999,4.457271
CCCCCCc1ccc(N)cc1.CCCCC(=O)Cl,-3.6151268,8.635016
CCCCCCc1ccc(N)cc1.CCCCC(CC)C(=O)Cl,-4.5223284,4.190861
CCCCCCc1ccc(N)cc1.CCCCCCC(=O)Cl,-3.3904886,8.394705
CCCCCCc1ccc(N)cc1.CCCCCCCCCCCC(=O)Cl,-2.3895595,6.268963
CCCCCCc1ccc(N)cc1.CCc1ccc(C(=O)Cl)cc1,11.735045,12.431435
CCCCCCc1ccc(N)cc1.COc1cc(C(=O)Cl)cc(OC)c1OC,18.434048,9.460412
CCCCCCc1ccc(N)cc1.COc1ccc(C(=O)Cl)cc1,12.722966,12.920755
CCCCCCc1ccc(N)cc1.Cc1ccc(C(=O)Cl)cc1,11.568948,12.343965
CCCCCCc1ccc(N)cc1.Cc1ccccc1C(=O)Cl,12.276718,13.546831
CCCCCCc1ccc(N)cc1.O=C(Cl)C12CC3CC(CC(C3)C1)C2,-7.643502,7.123979
CCCCCCc1ccc(N)cc1.O=C(Cl)C=Cc1ccccc1,4.4933767,8.876413
CCCCCCc1ccc(N)cc1.O=C(Cl)c1ccc(-c2ccccc2)cc1,18.808044,9.681998
CCCCCCc1ccc(N)cc1.O=C(Cl)c1ccc(Br)cc1,12.410194,9.202877
CCCCCCc1ccc(N)cc1.O=C(Cl)c1ccc(C(F)(F)F)cc1,11.310256,9.719011
CCCCCCc1ccc(N)cc1.O=C(Cl)c1ccc(Cl)cc1,11.340735,11.234596
CCCCCCc1ccc(N)cc1.O=C(Cl)c1ccc(Cl)cc1Cl,13.322759,6.4047813
CCCCCCc1ccc(N)cc1.O=C(Cl)c1ccc(F)cc1,11.354461,11.3198
CCCCCCc1ccc(N)cc1.O=C(Cl)c1ccc(F)cc1F,13.993963,7.3223743
CCCCCCc1ccc(N)cc1.O=C(Cl)c1ccc(OC(F)(F)F)cc1,11.591456,10.703686
CCCCCCc1ccc(N)cc1.O=C(Cl)c1ccc(SC(F)(F)F)cc1,10.607511,8.350598
CCCCCCc1ccc(N)cc1.O=C(Cl)c1ccc([N+](=O)[O-])cc1,10.16545,7.347024
CCCCCCc1ccc(N)cc1.O=C(Cl)c1ccc2ccccc2c1,18.237358,9.739784
CCCCCCc1ccc(N)cc1.O=C(Cl)c1cccc2ccccc12,18.319273,11.080249
CCCCCCc1ccc(N)cc1.O=C(Cl)c1ccccc1,11.493403,11.725149
CCCCCCc1ccc(N)cc1.O=C(Cl)c1ccco1,8.060704,9.999342
CCCCCCc1ccc(N)cc1.O=C(Cl)c1cccs1,9.886198,11.083246
COCCOc1ccccc1N.CC(=O)Cl,-1.3231188,8.519957
COCCOc1ccccc1N.CC(C)(C)C(=O)Cl,-6.6405754,8.311729
COCCOc1ccccc1N.CC(C)(C)c1ccc(C(=O)Cl)cc1,13.654173,12.699555
COCCOc1ccccc1N.CC(C)C(=O)Cl,-5.1871376,8.766007
COCCOc1ccccc1N.CCC(C(=O)Cl)c1ccccc1,-5.561908,4.4985785
COCCOc1ccccc1N.CCCCC(=O)Cl,-3.7735562,8.967186
COCCOc1ccccc1N.CCCCC(CC)C(=O)Cl,-4.147907,4.203915
COCCOc1ccccc1N.CCCCCCC(=O)Cl,-3.3498254,8.622853
COCCOc1ccccc1N.CCCCCCCCCCCC(=O)Cl,-1.9991382,5.939098
COCCOc1ccccc1N.CCc1ccc(C(=O)Cl)cc1,13.2733345,12.403731
COCCOc1ccccc1N.COc1cc(C(=O)Cl)cc(OC)c1OC,19.091808,8.9865265
COCCOc1ccccc1N.COc1ccc(C(=O)Cl)cc1,13.80414,13.205605
COCCOc1ccccc1N.Cc1ccc(C(=O)Cl)cc1,13.005558,12.272482
COCCOc1ccccc1N.Cc1ccccc1C(=O)Cl,12.6010065,14.117271
COCCOc1ccccc1N.O=C(Cl)C12CC3CC(CC(C3)C1)C2,-7.799751,6.503635
COCCOc1ccccc1N.O=C(Cl)C=Cc1ccccc1,4.3300557,8.794314
COCCOc1ccccc1N.O=C(Cl)c1ccc(-c2ccccc2)cc1,19.12104,9.89368
COCCOc1ccccc1N.O=C(Cl)c1ccc(Br)cc1,12.794907,8.89239
COCCOc1ccccc1N.O=C(Cl)c1ccc(C(F)(F)F)cc1,11.180534,9.190207
COCCOc1ccccc1N.O=C(Cl)c1ccc(Cl)cc1,12.310723,10.566499
COCCOc1ccccc1N.O=C(Cl)c1ccc(Cl)cc1Cl,13.542354,5.782389
COCCOc1ccccc1N.O=C(Cl)c1ccc(F)cc1,12.441692,11.217609
COCCOc1ccccc1N.O=C(Cl)c1ccc(F)cc1F,14.532603,6.6761208
COCCOc1ccccc1N.O=C(Cl)c1ccc(OC(F)(F)F)cc1,11.872952,10.21767
COCCOc1ccccc1N.O=C(Cl)c1ccc(SC(F)(F)F)cc1,10.486916,8.153214
COCCOc1ccccc1N.O=C(Cl)c1ccc([N+](=O)[O-])cc1,10.052636,6.9662485
COCCOc1ccccc1N.O=C(Cl)c1ccc2ccccc2c1,18.939104,9.775278
COCCOc1ccccc1N.O=C(Cl)c1cccc2ccccc12,18.574734,11.902757
COCCOc1ccccc1N.O=C(Cl)c1ccccc1,12.4881735,11.5498085
COCCOc1ccccc1N.O=C(Cl)c1ccco1,7.886724,9.329911
COCCOc1ccccc1N.O=C(Cl)c1cccs1,9.358935,10.513605
COc1ccc(C(F)(F)F)cc1N.CC(=O)Cl,-0.9780752,8.326579
COc1ccc(C(F)(F)F)cc1N.CC(C)(C)C(=O)Cl,-6.7381444,8.126469
COc1ccc(C(F)(F)F)cc1N.CC(C)(C)c1ccc(C(=O)Cl)cc1,13.717488,12.198531
COc1ccc(C(F)(F)F)cc1N.CC(C)C(=O)Cl,-5.1878304,9.248759
COc1ccc(C(F)(F)F)cc1N.CCC(C(=O)Cl)c1ccccc1,-5.576568,4.1396666
COc1ccc(C(F)(F)F)cc1N.CCCCC(=O)Cl,-3.3182857,8.9009
COc1ccc(C(F)(F)F)cc1N.CCCCC(CC)C(=O)Cl,-4.2178125,3.887807
COc1ccc(C(F)(F)F)cc1N.CCCCCCC(=O)Cl,-3.4729958,8.980733
COc1ccc(C(F)(F)F)cc1N.CCCCCCCCCCCC(=O)Cl,-1.6735265,6.081181
COc1ccc(C(F)(F)F)cc1N.CCc1ccc(C(=O)Cl)cc1,13.228035,11.974225
COc1ccc(C(F)(F)F)cc1N.COc1cc(C(=O)Cl)cc(OC)c1OC,18.762493,9.350388
COc1ccc(C(F)(F)F)cc1N.COc1ccc(C(=O)Cl)cc1,13.85087,12.447665
COc1ccc(C(F)(F)F)cc1N.Cc1ccc(C(=O)Cl)cc1,13.243578,11.891093
COc1ccc(C(F)(F)F)cc1N.Cc1ccccc1C(=O)Cl,12.869103,13.733946
COc1ccc(C(F)(F)F)cc1N.O=C(Cl)C12CC3CC(CC(C3)C1)C2,-7.8945866,6.4494247
COc1ccc(C(F)(F)F)cc1N.O=C(Cl)C=Cc1ccccc1,3.9261143,8.546986
COc1ccc(C(F)(F)F)cc1N.O=C(Cl)c1ccc(-c2ccccc2)cc1,18.877792,10.078444
COc1ccc(C(F)(F)F)cc1N.O=C(Cl)c1ccc(Br)cc1,13.009458,8.806177
COc1ccc(C(F)(F)F)cc1N.O=C(Cl)c1ccc(C(F)(F)F)cc1,11.646399,9.409737
COc1ccc(C(F)(F)F)cc1N.O=C(Cl)c1ccc(Cl)cc1,12.57088,10.783036
COc1ccc(C(F)(F)F)cc1N.O=C(Cl)c1ccc(Cl)cc1Cl,13.665338,6.3550487
COc1ccc(C(F)(F)F)cc1N.O=C(Cl)c1ccc(F)cc1,12.652643,11.133743
COc1ccc(C(F)(F)F)cc1N.O=C(Cl)c1ccc(F)cc1F,14.028898,6.968289
COc1ccc(C(F)(F)F)cc1N.O=C(Cl)c1ccc(OC(F)(F)F)cc1,12.170347,10.1584635
COc1ccc(C(F)(F)F)cc1N.O=C(Cl)c1ccc(SC(F)(F)F)cc1,10.901804,8.246861
COc1ccc(C(F)(F)F)cc1N.O=C(Cl)c1ccc([N+](=O)[O-])cc1,10.752855,7.0141964
COc1ccc(C(F)(F)F)cc1N.O=C(Cl)c1ccc2ccccc2c1,18.782818,10.019877
COc1ccc(C(F)(F)F)cc1N.O=C(Cl)c1cccc2ccccc12,18.545927,11.541175
COc1ccc(C(F)(F)F)cc1N.O=C(Cl)c1ccccc1,12.98183,11.301082
COc1ccc(C(F)(F)F)cc1N.O=C(Cl)c1ccco1,7.4749904,9.761886
COc1ccc(C(F)(F)F)cc1N.O=C(Cl)c1cccs1,9.738322,10.796105
COc1cccc(N)c1.CC(=O)Cl,-0.75337046,8.778158
COc1cccc(N)c1.CC(C)(C)C(=O)Cl,-7.386229,8.214568
COc1cccc(N)c1.CC(C)(C)c1ccc(C(=O)Cl)cc1,14.911697,12.457532
COc1cccc(N)c1.CC(C)C(=O)Cl,-5.3893924,9.16774
COc1cccc(N)c1.CCC(C(=O)Cl)c1ccccc1,-5.5592575,4.068876
COc1cccc(N)c1.CCCCC(=O)Cl,-3.6448903,9.93752
COc1cccc(N)c1.CCCCC(CC)C(=O)Cl,-4.4946494,3.4222066
COc1cccc(N)c1.CCCCCCC(=O)Cl,-3.0453596,9.605748
COc1cccc(N)c1.CCCCCCCCCCCC(=O)Cl,-2.141284,5.9061756
COc1cccc(N)c1.CCc1ccc(C(=O)Cl)cc1,14.46855,12.235832
COc1cccc(N)c1.COc1cc(C(=O)Cl)cc(OC)c1OC,19.951286,9.426779
COc1cccc(N)c1.COc1ccc(C(=O)Cl)cc1,14.883142,12.845896
COc1cccc(N)c1.Cc1ccc(C(=O)Cl)cc1,14.085709,11.682435
COc1cccc(N)c1.Cc1ccccc1C(=O)Cl,13.134696,14.043449
COc1cccc(N)c1.O=C(Cl)C12CC3CC(CC(C3)C1)C2,-7.673889,7.261617
COc1cccc(N)c1.O=C(Cl)C=Cc1ccccc1,4.2029366,9.446
COc1cccc(N)c1.O=C(Cl)c1ccc(-c2ccccc2)cc1,19.492676,10.3213625
COc1cccc(N)c1.O=C(Cl)c1ccc(Br)cc1,13.241754,8.703929
COc1cccc(N)c1.O=C(Cl)c1ccc(C(F)(F)F)cc1,11.496804,9.123752
COc1cccc(N)c1.O=C(Cl)c1ccc(Cl)cc1,13.0959,10.124525
COc1cccc(N)c1.O=C(Cl)c1ccc(Cl)cc1Cl,13.818475,5.9060054
COc1cccc(N)c1.O=C(Cl)c1ccc(F)cc1,13.323294,10.560815
COc1cccc(N)c1.O=C(Cl)c1ccc(F)cc1F,14.798701,6.9379816
COc1cccc(N)c1.O=C(Cl)c1ccc(OC(F)(F)F)cc1,13.002077,9.663768
COc1cccc(N)c1.O=C(Cl)c1ccc(SC(F)(F)F)cc1,11.083295,7.843497
COc1cccc(N)c1.O=C(Cl)c1ccc([N+](=O)[O-])cc1,10.414996,6.753365
COc1cccc(N)c1.O=C(Cl)c1ccc2ccccc2c1,19.618755,10.387722
COc1cccc(N)c1.O=C(Cl)c1cccc2ccccc12,19.138622,11.691743
COc1cccc(N)c1.O=C(Cl)c1ccccc1,13.683221,11.1231575
COc1cccc(N)c1.O=C(Cl)c1ccco1,7.8542686,9.657942
COc1cccc(N)c1.O=C(Cl)c1cccs1,9.647108,10.0720215
COc1ccccc1N.CC(=O)Cl,-0.79543924,8.179815
COc1ccccc1N.CC(C)(C)C(=O)Cl,-6.8597283,8.280012
COc1ccccc1N.CC(C)(C)c1ccc(C(=O)Cl)cc1,14.65671,12.76657
COc1ccccc1N.CC(C)C(=O)Cl,-5.4963374,8.930697
COc1ccccc1N.CCC(C(=O)Cl)c1ccccc1,-5.653912,4.008793
COc1ccccc1N.CCCCC(=O)Cl,-3.856887,9.709827
COc1ccccc1N.CCCCC(CC)C(=O)Cl,-4.5269556,3.5214975
COc1ccccc1N.CCCCCCC(=O)Cl,-3.4589934,9.594937
COc1ccccc1N.CCCCCCCCCCCC(=O)Cl,-2.0206113,5.696303
COc1ccccc1N.CCc1ccc(C(=O)Cl)cc1,13.904162,12.422874
COc1ccccc1N.COc1cc(C(=O)Cl)cc(OC)c1OC,19.981092,9.211609
COc1ccccc1N.COc1ccc(C(=O)Cl)cc1,14.207436,13.2974
COc1ccccc1N.Cc1ccc(C(=O)Cl)cc1,13.548593,12.642803
COc1ccccc1N.Cc1ccccc1C(=O)Cl,12.954769,14.54769
COc1ccccc1N.O=C(Cl)C12CC3CC(CC(C3)C1)C2,-7.726993,6.887939
COc1ccccc1N.O=C(Cl)C=Cc1ccccc1,4.091288,9.357731
COc1ccccc1N.O=C(Cl)c1ccc(-c2ccccc2)cc1,20.198908,9.677355
COc1ccccc1N.O=C(Cl)c1ccc(Br)cc1,13.058598,8.421177
COc1ccccc1N.O=C(Cl)c1ccc(C(F)(F)F)cc1,11.1574335,9.081911
COc1ccccc1N.O=C(Cl)c1ccc(Cl)cc1,12.625537,10.494882
COc1ccccc1N.O=C(Cl)c1ccc(Cl)cc1Cl,13.876507,5.659604
COc1ccccc1N.O=C(Cl)c1ccc(F)cc1,12.701443,10.978511
COc1ccccc1N.O=C(Cl)c1ccc(F)cc1F,14.710446,6.817083
COc1ccccc1N.O=C(Cl)c1ccc(OC(F)(F)F)cc1,12.229414,9.975614
COc1ccccc1N.O=C(Cl)c1ccc(SC(F)(F)F)cc1,10.354838,7.894771
COc1ccccc1N.O=C(Cl)c1ccc([N+](=O)[O-])cc1,10.021993,6.7709255
COc1ccccc1N.O=C(Cl)c1ccc2ccccc2c1,19.917866,10.130952
COc1ccccc1N.O=C(Cl)c1cccc2ccccc12,19.026564,11.855956
COc1ccccc1N.O=C(Cl)c1ccccc1,13.237611,11.564795
COc1ccccc1N.O=C(Cl)c1ccco1,7.799209,9.378274
COc1ccccc1N.O=C(Cl)c1cccs1,9.420459,10.063688
CSc1ccccc1N.CC(=O)Cl,-0.5712471,8.053738
CSc1ccccc1N.CC(C)(C)C(=O)Cl,-6.8751483,8.379845
CSc1ccccc1N.CC(C)(C)c1ccc(C(=O)Cl)cc1,14.602399,12.493823
CSc1ccccc1N.CC(C)C(=O)Cl,-5.2375927,9.118186
CSc1ccccc1N.CCC(C(=O)Cl)c1ccccc1,-5.7326565,4.3481493
CSc1ccccc1N.CCCCC(=O)Cl,-3.7685735,9.535313
CSc1ccccc1N.CCCCC(CC)C(=O)Cl,-3.9859922,3.8798354
CSc1ccccc1N.CCCCCCC(=O)Cl,-2.980214,9.482449
CSc1ccccc1N.CCCCCCCCCCCC(=O)Cl,-1.9386246,6.123227
CSc1ccccc1N.CCc1ccc(C(=O)Cl)cc1,14.169882,12.070142
CSc1ccccc1N.COc1cc(C(=O)Cl)cc(OC)c1OC,19.187428,9.195547
CSc1ccccc1N.COc1ccc(C(=O)Cl)cc1,14.341917,13.182621
CSc1ccccc1N.Cc1ccc(C(=O)Cl)cc1,13.92215,11.705903
CSc1ccccc1N.Cc1ccccc1C(=O)Cl,13.030756,14.391321
CSc1ccccc1N.O=C(Cl)C12CC3CC(CC(C3)C1)C2,-7.8750076,6.5179143
CSc1ccccc1N.O=C(Cl)C=Cc1ccccc1,3.8952444,9.25253
CSc1ccccc1N.O=C(Cl)c1ccc(-c2ccccc2)cc1,19.221962,10.253863
CSc1ccccc1N.O=C(Cl)c1ccc(Br)cc1,13.326673,8.34167
CSc1ccccc1N.O=C(Cl)c1ccc(C(F)(F)F)cc1,11.467242,8.898274
CSc1ccccc1N.O=C(Cl)c1ccc(Cl)cc1,13.29491,10.339385
CSc1ccccc1N.O=C(Cl)c1ccc(Cl)cc1Cl,13.361053,5.9313917
CSc1ccccc1N.O=C(Cl)c1ccc(F)cc1,13.162042,10.561944
CSc1ccccc1N.O=C(Cl)c1ccc(F)cc1F,14.715412,6.667077
CSc1ccccc1N.O=C(Cl)c1ccc(OC(F)(F)F)cc1,12.68782,9.567171
CSc1ccccc1N.O=C(Cl)c1ccc(SC(F)(F)F)cc1,10.728164,7.706256
CSc1ccccc1N.O=C(Cl)c1ccc([N+](=O)[O-])cc1,10.377408,6.561103
CSc1ccccc1N.O=C(Cl)c1ccc2ccccc2c1,19.10876,10.15235
CSc1ccccc1N.O=C(Cl)c1cccc2ccccc12,18.600689,12.073259
CSc1ccccc1N.O=C(Cl)c1ccccc1,13.5039,11.100176
CSc1ccccc1N.O=C(Cl)c1ccco1,7.686924,9.5058565
CSc1ccccc1N.O=C(Cl)c1cccs1,9.237469,10.159549
Cc1cc(C)c(N)c(C)c1.CC(=O)Cl,-1.168513,8.240014
Cc1cc(C)c(N)c(C)c1.CC(C)(C)C(=O)Cl,-7.2697215,8.037363
Cc1cc(C)c(N)c(C)c1.CC(C)(C)c1ccc(C(=O)Cl)cc1,14.191821,12.745365
Cc1cc(C)c(N)c(C)c1.CC(C)C(=O)Cl,-5.0189934,8.772053
Cc1cc(C)c(N)c(C)c1.CCC(C(=O)Cl)c1ccccc1,-5.345042,4.2729883
Cc1cc(C)c(N)c(C)c1.CCCCC(=O)Cl,-3.9825187,9.042679
Cc1cc(C)c(N)c(C)c1.CCCCC(CC)C(=O)Cl,-4.0991507,3.9779296
Cc1cc(C)c(N)c(C)c1.CCCCCCC(=O)Cl,-3.1576815,9.113401
Cc1cc(C)c(N)c(C)c1.CCCCCCCCCCCC(=O)Cl,-2.0641923,5.833951
Cc1cc(C)c(N)c(C)c1.CCc1ccc(C(=O)Cl)cc1,13.393424,12.869246
Cc1cc(C)c(N)c(C)c1.COc1cc(C(=O)Cl)cc(OC)c1OC,19.531355,8.8191185
Cc1cc(C)c(N)c(C)c1.COc1ccc(C(=O)Cl)cc1,13.729887,13.348
Cc1cc(C)c(N)c(C)c1.Cc1ccc(C(=O)Cl)cc1,13.038993,12.544326
Cc1cc(C)c(N)c(C)c1.Cc1ccccc1C(=O)Cl,12.820916,13.866107
Cc1cc(C)c(N)c(C)c1.O=C(Cl)C12CC3CC(CC(C3)C1)C2,-7.654145,7.2078834
Cc1cc(C)c(N)c(C)c1.O=C(Cl)C=Cc1ccccc1,4.41848,9.404106
Cc1cc(C)c(N)c(C)c1.O=C(Cl)c1ccc(-c2ccccc2)cc1,19.48077,9.612076
Cc1cc(C)c(N)c(C)c1.O=C(Cl)c1ccc(Br)cc1,12.590155,8.345693
Cc1cc(C)c(N)c(C)c1.O=C(Cl)c1ccc(C(F)(F)F)cc1,11.215662,9.379047
Cc1cc(C)c(N)c(C)c1.O=C(Cl)c1ccc(Cl)cc1,12.415185,10.817449
Cc1cc(C)c(N)c(C)c1.O=C(Cl)c1ccc(Cl)cc1Cl,14.195073,5.9323196
Cc1cc(C)c(N)c(C)c1.O=C(Cl)c1ccc(F)cc1,12.139707,11.183844
Cc1cc(C)c(N)c(C)c1.O=C(Cl)c1ccc(F)cc1F,14.25726,6.827117
Cc1cc(C)c(N)c(C)c1.O=C(Cl)c1ccc(OC(F)(F)F)cc1,11.864648,9.973616
Cc1cc(C)c(N)c(C)c1.O=C(Cl)c1ccc(SC(F)(F)F)cc1,10.415976,8.173173
Cc1cc(C)c(N)c(C)c1.O=C(Cl)c1ccc([N+](=O)[O-])cc1,10.069944,6.8409834
Cc1cc(C)c(N)c(C)c1.O=C(Cl)c1ccc2ccccc2c1,19.515196,9.709217
Cc1cc(C)c(N)c(C)c1.O=C(Cl)c1cccc2ccccc12,19.038822,11.382801
Cc1cc(C)c(N)c(C)c1.O=C(Cl)c1ccccc1,12.7678795,11.678852
Cc1cc(C)c(N)c(C)c1.O=C(Cl)c1ccco1,7.4814625,9.659594
Cc1cc(C)c(N)c(C)c1.O=C(Cl)c1cccs1,10.010591,10.386121
Cc1cccc(C)c1N.CC(=O)Cl,-1.2299757,8.136958
Cc1cccc(C)c1N.CC(C)(C)C(=O)Cl,-6.7113676,7.9229865
Cc1cccc(C)c1N.CC(C)(C)c1ccc(C(=O)Cl)cc1,14.159803,12.982613
Cc1cccc(C)c1N.CC(C)C(=O)Cl,-5.433504,9.157836
Cc1cccc(C)c1N.CCC(C(=O)Cl)c1ccccc1,-5.528741,3.8887901
Cc1cccc(C)c1N.CCCCC(=O)Cl,-3.9715276,9.311589
Cc1cccc(C)c1N.CCCCC(CC)C(=O)Cl,-4.364992,3.8832076
Cc1cccc(C)c1N.CCCCCCC(=O)Cl,-3.6411712,9.498014
Cc1cccc(C)c1N.CCCCCCCCCCCC(=O)Cl,-1.7959785,5.954053
Cc1cccc(C)c1N.CCc1ccc(C(=O)Cl)cc1,13.602652,12.365353
Cc1cccc(C)c1N.COc1cc(C(=O)Cl)cc(OC)c1OC,19.501287,8.989323
Cc1cccc(C)c1N.COc1ccc(C(=O)Cl)cc1,14.006718,13.23861
Cc1cccc(C)c1N.Cc1ccc(C(=O)Cl)cc1,13.444071,12.479685
Cc1cccc(C)c1N.Cc1ccccc1C(=O)Cl,13.050701,14.121532
Cc1cccc(C)c1N.O=C(Cl)C12CC3CC(CC(C3)C1)C2,-7.5167933,6.7223125
Cc1cccc(C)c1N.O=C(Cl)C=Cc1ccccc1,4.3636017,9.477476
Cc1cccc(C)c1N.O=C(Cl)c1ccc(-c2ccccc2)cc1,19.662987,9.792055
Cc1cccc(C)c1N.O=C(Cl)c1ccc(Br)cc1,12.710401,8.557419
Cc1cccc(C)c1N.O=C(Cl)c1ccc(C(F)(F)F)cc1,11.413026,9.115643
Cc1cccc(C)c1N.O=C(Cl)c1ccc(Cl)cc1,12.4622555,10.602006
Cc1cccc(C)c1N.O=C(Cl)c1ccc(Cl)cc1Cl,13.933249,5.8343616
Cc1cccc(C)c1N.O=C(Cl)c1ccc(F)cc1,12.6123495,10.894699
Cc1cccc(C)c1N.O=C(Cl)c1ccc(F)cc1F,14.395103,6.6557484
Cc1cccc(C)c1N.O=C(Cl)c1ccc(OC(F)(F)F)cc1,12.224226,10.211342
Cc1cccc(C)c1N.O=C(Cl)c1ccc(SC(F)(F)F)cc1,10.645499,8.225713
Cc1cccc(C)c1N.O=C(Cl)c1ccc([N+](=O)[O-])cc1,10.249388,7.1226087
Cc1cccc(C)c1N.O=C(Cl)c1ccc2ccccc2c1,19.651762,9.770315
Cc1cccc(C)c1N.O=C(Cl)c1cccc2ccccc12,18.784176,11.526732
Cc1cccc(C)c1N.O=C(Cl)c1ccccc1,12.834657,11.427157
Cc1cccc(C)c1N.O=C(Cl)c1ccco1,7.560102,9.350831
Cc1cccc(C)c1N.O=C(Cl)c1cccs1,9.402475,10.3494005
Cc1cccc(N)c1.CC(=O)Cl,-0.68915206,8.230403
Cc1cccc(N)c1.CC(C)(C)C(=O)Cl,-7.1009326,7.965832
Cc1cccc(N)c1.CC(C)(C)c1ccc(C(=O)Cl)cc1,15.098891,12.383236
Cc1cccc(N)c1.CC(C)C(=O)Cl,-5.349559,9.463778
Cc1cccc(N)c1.CCC(C(=O)Cl)c1ccccc1,-5.4001846,4.016827
Cc1cccc(N)c1.CCCCC(=O)Cl,-3.3564339,9.560202
Cc1cccc(N)c1.CCCCC(CC)C(=O)Cl,-4.2825594,3.7366984
Cc1cccc(N)c1.CCCCCCC(=O)Cl,-2.8733974,9.261694
Cc1cccc(N)c1.CCCCCCCCCCCC(=O)Cl,-1.6383936,6.086206
Cc1cccc(N)c1.CCc1ccc(C(=O)Cl)cc1,14.649932,12.150279
Cc1cccc(N)c1.COc1cc(C(=O)Cl)cc(OC)c1OC,19.734112,9.58421
Cc1cccc(N)c1.COc1ccc(C(=O)Cl)cc1,14.949234,12.951267
Cc1cccc(N)c1.Cc1ccc(C(=O)Cl)cc1,14.280701,11.985167
Cc1cccc(N)c1.Cc1ccccc1C(=O)Cl,13.38219,14.07468
Cc1cccc(N)c1.O=C(Cl)C12CC3CC(CC(C3)C1)C2,-8.083062,7.142876
Cc1cccc(N)c1.O=C(Cl)C=Cc1ccccc1,4.055661,8.9989195
Cc1cccc(N)c1.O=C(Cl)c1ccc(-c2ccccc2)cc1,19.876167,10.241932
Cc1cccc(N)c1.O=C(Cl)c1ccc(Br)cc1,13.36881,8.594463
Cc1cccc(N)c1.O=C(Cl)c1ccc(C(F)(F)F)cc1,11.6663265,8.799836
Cc1cccc(N)c1.O=C(Cl)c1ccc(Cl)cc1,13.380819,9.913717
Cc1cccc(N)c1.O=C(Cl)c1ccc(Cl)cc1Cl,13.755802,5.9363704
Cc1cccc(N)c1.O=C(Cl)c1ccc(F)cc1,13.502142,10.453086
Cc1cccc(N)c1.O=C(Cl)c1ccc(F)cc1F,14.322127,7.00705
Cc1cccc(N)c1.O=C(Cl)c1ccc(OC(F)(F)F)cc1,12.433013,9.655336
Cc1cccc(N)c1.O=C(Cl)c1ccc(SC(F)(F)F)cc1,10.953917,7.91481
Cc1cccc(N)c1.O=C(Cl)c1ccc([N+](=O)[O-])cc1,10.329154,6.4797544
Cc1cccc(N)c1.O=C(Cl)c1ccc2ccccc2c1,19.38817,10.523987
Cc1cccc(N)c1.O=C(Cl)c1cccc2ccccc12,18.808369,12.014162
Cc1cccc(N)c1.O=C(Cl)c1ccccc1,13.734463,10.992584
Cc1cccc(N)c1.O=C(Cl)c1ccco1,7.2571564,9.550844
Cc1cccc(N)c1.O=C(Cl)c1cccs1,9.671233,10.603718
N#CCCNc1ccccc1.CC(=O)Cl,-1.0778226,8.043959
N#CCCNc1ccccc1.CC(C)(C)C(=O)Cl,-6.5604405,7.924404
N#CCCNc1ccccc1.CC(C)(C)c1ccc(C(=O)Cl)cc1,15.973954,9.883643
N#CCCNc1ccccc1.CC(C)C(=O)Cl,-4.670708,8.265452
N#CCCNc1ccccc1.CCC(C(=O)Cl)c1ccccc1,-5.2418985,4.7408447
N#CCCNc1ccccc1.CCCCC(=O)Cl,-3.2728646,8.56207
N#CCCNc1ccccc1.CCCCC(CC)C(=O)Cl,-4.487305,4.5173397
N#CCCNc1ccccc1.CCCCCCC(=O)Cl,-3.5492048,8.564724
N#CCCNc1ccccc1.CCCCCCCCCCCC(=O)Cl,-2.2180715,6.552768
N#CCCNc1ccccc1.CCc1ccc(C(=O)Cl)cc1,15.809219,9.79878
N#CCCNc1ccccc1.COc1cc(C(=O)Cl)cc(OC)c1OC,17.185972,9.813095
N#CCCNc1ccccc1.COc1ccc(C(=O)Cl)cc1,15.933889,10.287623
N#CCCNc1ccccc1.Cc1ccc(C(=O)Cl)cc1,15.6463375,9.876916
N#CCCNc1ccccc1.Cc1ccccc1C(=O)Cl,15.809453,10.015248
N#CCCNc1ccccc1.O=C(Cl)C12CC3CC(CC(C3)C1)C2,-7.6606765,7.218329
N#CCCNc1ccccc1.O=C(Cl)C=Cc1ccccc1,4.6339636,8.862686
N#CCCNc1ccccc1.O=C(Cl)c1ccc(-c2ccccc2)cc1,17.203562,10.047504
N#CCCNc1ccccc1.O=C(Cl)c1ccc(Br)cc1,14.641131,8.875521
N#CCCNc1ccccc1.O=C(Cl)c1ccc(C(F)(F)F)cc1,14.68801,8.788838
N#CCCNc1ccccc1.O=C(Cl)c1ccc(Cl)cc1,15.163564,9.236444
N#CCCNc1ccccc1.O=C(Cl)c1ccc(Cl)cc1Cl,13.926023,7.2081957
N#CCCNc1ccccc1.O=C(Cl)c1ccc(F)cc1,15.4138975,9.423061
N#CCCNc1ccccc1.O=C(Cl)c1ccc(F)cc1F,14.984203,8.506079
N#CCCNc1ccccc1.O=C(Cl)c1ccc(OC(F)(F)F)cc1,15.311872,9.191335
N#CCCNc1ccccc1.O=C(Cl)c1ccc(SC(F)(F)F)cc1,13.894834,8.3174095
N#CCCNc1ccccc1.O=C(Cl)c1ccc([N+](=O)[O-])cc1,11.7088585,7.0867014
N#CCCNc1ccccc1.O=C(Cl)c1ccc2ccccc2c1,16.941845,9.903089
N#CCCNc1ccccc1.O=C(Cl)c1cccc2ccccc12,17.21917,10.601126
N#CCCNc1ccccc1.O=C(Cl)c1ccccc1,15.495278,9.484894
N#CCCNc1ccccc1.O=C(Cl)c1ccco1,7.789207,9.199966
N#CCCNc1ccccc1.O=C(Cl)c1cccs1,15.04009,9.439888
NC(c1ccccc1)(c1ccccc1)c1ccccc1.CC(=O)Cl,-2.1680815,8.283321
NC(c1ccccc1)(c1ccccc1)c1ccccc1.CC(C)(C)C(=O)Cl,-5.7241135,7.4429655
NC(c1ccccc1)(c1ccccc1)c1ccccc1.CC(C)(C)c1ccc(C(=O)Cl)cc1,8.703437,13.042067
NC(c1ccccc1)(c1ccccc1)c1ccccc1.CC(C)C(=O)Cl,-4.499631,7.4862943
NC(c1ccccc1)(c1ccccc1)c1ccccc1.CCC(C(=O)Cl)c1ccccc1,-4.8244505,5.7563934
NC(c1ccccc1)(c1ccccc1)c1ccccc1.CCCCC(=O)Cl,-3.7304597,7.6815267
NC(c1ccccc1)(c1ccccc1)c1ccccc1.CCCCC(CC)C(=O)Cl,-4.4873776,5.9472475
NC(c1ccccc1)(c1ccccc1)c1ccccc1.CCCCCCC(=O)Cl,-3.6849537,7.6876864
NC(c1ccccc1)(c1ccccc1)c1ccccc1.CCCCCCCCCCCC(=O)Cl,-3.039234,6.9074984
NC(c1ccccc1)(c1ccccc1)c1ccccc1.CCc1ccc(C(=O)Cl)cc1,8.20402,12.684038
NC(c1ccccc1)(c1ccccc1)c1ccccc1.COc1cc(C(=O)Cl)cc(OC)c1OC,8.938828,12.879944
NC(c1ccccc1)(c1ccccc1)c1ccccc1.COc1ccc(C(=O)Cl)cc1,8.339226,12.977152
NC(c1ccccc1)(c1ccccc1)c1ccccc1.Cc1ccc(C(=O)Cl)cc1,8.613444,12.811496
NC(c1ccccc1)(c1ccccc1)c1ccccc1.Cc1ccccc1C(=O)Cl,8.143602,12.782039
NC(c1ccccc1)(c1ccccc1)c1ccccc1.O=C(Cl)C12CC3CC(CC(C3)C1)C2,-6.6131225,6.809617
NC(c1ccccc1)(c1ccccc1)c1ccccc1.O=C(Cl)C=Cc1ccccc1,8.415071,13.039462
NC(c1ccccc1)(c1ccccc1)c1ccccc1.O=C(Cl)c1ccc(-c2ccccc2)cc1,9.080709,12.86259
NC(c1ccccc1)(c1ccccc1)c1ccccc1.O=C(Cl)c1ccc(Br)cc1,8.827098,12.359064
NC(c1ccccc1)(c1ccccc1)c1ccccc1.O=C(Cl)c1ccc(C(F)(F)F)cc1,8.149528,12.260633
NC(c1ccccc1)(c1ccccc1)c1ccccc1.O=C(Cl)c1ccc(Cl)cc1,8.339104,12.148485
NC(c1ccccc1)(c1ccccc1)c1ccccc1.O=C(Cl)c1ccc(Cl)cc1Cl,8.6015005,12.011943
NC(c1ccccc1)(c1ccccc1)c1ccccc1.O=C(Cl)c1ccc(F)cc1,8.485814,12.576787
NC(c1ccccc1)(c1ccccc1)c1ccccc1.O=C(Cl)c1ccc(F)cc1F,8.344271,12.1658
NC(c1ccccc1)(c1ccccc1)c1ccccc1.O=C(Cl)c1ccc(OC(F)(F)F)cc1,8.221872,12.717833
NC(c1ccccc1)(c1ccccc1)c1ccccc1.O=C(Cl)c1ccc(SC(F)(F)F)cc1,8.76472,12.2196455
NC(c1ccccc1)(c1ccccc1)c1ccccc1.O=C(Cl)c1ccc([N+](=O)[O-])cc1,8.746177,11.7989235
NC(c1ccccc1)(c1ccccc1)c1ccccc1.O=C(Cl)c1ccc2ccccc2c1,8.918697,12.59767
NC(c1ccccc1)(c1ccccc1)c1ccccc1.O=C(Cl)c1cccc2ccccc12,8.953136,13.184806
NC(c1ccccc1)(c1ccccc1)c1ccccc1.O=C(Cl)c1ccccc1,8.673472,12.481686
NC(c1ccccc1)(c1ccccc1)c1ccccc1.O=C(Cl)c1ccco1,7.987324,11.505239
NC(c1ccccc1)(c1ccccc1)c1ccccc1.O=C(Cl)c1cccs1,8.086097,12.228013
Nc1ccc(Br)cc1.CC(=O)Cl,-0.71754664,8.718588
Nc1ccc(Br)cc1.CC(C)(C)C(=O)Cl,-7.00198,8.094265
Nc1ccc(Br)cc1.CC(C)(C)c1ccc(C(=O)Cl)cc1,15.362193,10.845477
Nc1ccc(Br)cc1.CC(C)C(=O)Cl,-4.778881,9.497467
Nc1ccc(Br)cc1.CCC(C(=O)Cl)c1ccccc1,-5.19964,3.7117724
Nc1ccc(Br)cc1.CCCCC(=O)Cl,-3.9946187,9.614515
Nc1ccc(Br)cc1.CCCCC(CC)C(=O)Cl,-4.432267,3.7333922
Nc1ccc(Br)cc1.CCCCCCC(=O)Cl,-3.988098,9.284981
Nc1ccc(Br)cc1.CCCCCCCCCCCC(=O)Cl,-1.3855183,6.3547277
Nc1ccc(Br)cc1.CCc1ccc(C(=O)Cl)cc1,15.00276,10.438618
Nc1ccc(Br)cc1.COc1cc(C(=O)Cl)cc(OC)c1OC,18.170362,10.352184
Nc1ccc(Br)cc1.COc1ccc(C(=O)Cl)cc1,15.536714,11.114381
Nc1ccc(Br)cc1.Cc1ccc(C(=O)Cl)cc1,14.808982,10.53722
Nc1ccc(Br)cc1.Cc1ccccc1C(=O)Cl,14.735385,10.54474
Nc1ccc(Br)cc1.O=C(Cl)C12CC3CC(CC(C3)C1)C2,-7.484452,6.7355223
Nc1ccc(Br)cc1.O=C(Cl)C=Cc1ccccc1,3.7715335,8.845352
Nc1ccc(Br)cc1.O=C(Cl)c1ccc(-c2ccccc2)cc1,18.32998,10.304995
Nc1ccc(Br)cc1.O=C(Cl)c1ccc(Br)cc1,13.8285,8.917052
Nc1ccc(Br)cc1.O=C(Cl)c1ccc(C(F)(F)F)cc1,13.567817,8.898928
Nc1ccc(Br)cc1.O=C(Cl)c1ccc(Cl)cc1,14.20383,9.43516
Nc1ccc(Br)cc1.O=C(Cl)c1ccc(Cl)cc1Cl,13.372446,6.857715
Nc1ccc(Br)cc1.O=C(Cl)c1ccc(F)cc1,14.400175,9.800876
Nc1ccc(Br)cc1.O=C(Cl)c1ccc(F)cc1F,14.316746,7.9855947
Nc1ccc(Br)cc1.O=C(Cl)c1ccc(OC(F)(F)F)cc1,14.314046,9.291809
Nc1ccc(Br)cc1.O=C(Cl)c1ccc(SC(F)(F)F)cc1,11.841374,7.756695
Nc1ccc(Br)cc1.O=C(Cl)c1ccc([N+](=O)[O-])cc1,11.197828,7.007954
Nc1ccc(Br)cc1.O=C(Cl)c1ccc2ccccc2c1,17.92832,10.501258
Nc1ccc(Br)cc1.O=C(Cl)c1cccc2ccccc12,18.225338,11.2978945
Nc1ccc(Br)cc1.O=C(Cl)c1ccccc1,14.507271,9.826662
Nc1ccc(Br)cc1.O=C(Cl)c1ccco1,7.5384264,9.974717
Nc1ccc(Br)cc1.O=C(Cl)c1cccs1,10.09508,10.129035
Nc1ccc(C(=O)c2ccccc2)cc1.CC(=O)Cl,-1.2132465,8.388969
Nc1ccc(C(=O)c2ccccc2)cc1.CC(C)(C)C(=O)Cl,-7.03259,8.145113
Nc1ccc(C(=O)c2ccccc2)cc1.CC(C)(C)c1ccc(C(=O)Cl)cc1,14.954854,10.889242
Nc1ccc(C(=O)c2ccccc2)cc1.CC(C)C(=O)Cl,-4.7366076,9.1945915
Nc1ccc(C(=O)c2ccccc2)cc1.CCC(C(=O)Cl)c1ccccc1,-5.285209,4.0865374
Nc1ccc(C(=O)c2ccccc2)cc1.CCCCC(=O)Cl,-3.9319713,9.132826
Nc1ccc(C(=O)c2ccccc2)cc1.CCCCC(CC)C(=O)Cl,-4.4777894,4.0480456
Nc1ccc(C(=O)c2ccccc2)cc1.CCCCCCC(=O)Cl,-3.5001001,9.065313
Nc1ccc(C(=O)c2ccccc2)cc1.CCCCCCCCCCCC(=O)Cl,-1.8876907,6.5280867
Nc1ccc(C(=O)c2ccccc2)cc1.CCc1ccc(C(=O)Cl)cc1,14.793032,10.860673
Nc1ccc(C(=O)c2ccccc2)cc1.COc1cc(C(=O)Cl)cc(OC)c1OC,17.905413,9.902268
Nc1ccc(C(=O)c2ccccc2)cc1.COc1ccc(C(=O)Cl)cc1,14.983341,11.269862
Nc1ccc(C(=O)c2ccccc2)cc1.Cc1ccc(C(=O)Cl)cc1,14.558887,11.059707
Nc1ccc(C(=O)c2ccccc2)cc1.Cc1ccccc1C(=O)Cl,13.595915,12.965262
Nc1ccc(C(=O)c2ccccc2)cc1.O=C(Cl)C12CC3CC(CC(C3)C1)C2,-7.9657545,7.3538494
Nc1ccc(C(=O)c2ccccc2)cc1.O=C(Cl)C=Cc1ccccc1,4.3552547,8.785898
Nc1ccc(C(=O)c2ccccc2)cc1.O=C(Cl)c1ccc(-c2ccccc2)cc1,18.112535,10.126761
Nc1ccc(C(=O)c2ccccc2)cc1.O=C(Cl)c1ccc(Br)cc1,13.74987,9.122583
Nc1ccc(C(=O)c2ccccc2)cc1.O=C(Cl)c1ccc(C(F)(F)F)cc1,12.992207,9.160884
Nc1ccc(C(=O)c2ccccc2)cc1.O=C(Cl)c1ccc(Cl)cc1,14.103282,10.071688
Nc1ccc(C(=O)c2ccccc2)cc1.O=C(Cl)c1ccc(Cl)cc1Cl,13.477906,6.8969326
Nc1ccc(C(=O)c2ccccc2)cc1.O=C(Cl)c1ccc(F)cc1,14.167607,10.419777
Nc1ccc(C(=O)c2ccccc2)cc1.O=C(Cl)c1ccc(F)cc1F,14.10043,7.853189
Nc1ccc(C(=O)c2ccccc2)cc1.O=C(Cl)c1ccc(OC(F)(F)F)cc1,14.220145,9.636632
Nc1ccc(C(=O)c2ccccc2)cc1.O=C(Cl)c1ccc(SC(F)(F)F)cc1,11.6997595,8.188109
Nc1ccc(C(=O)c2ccccc2)cc1.O=C(Cl)c1ccc([N+](=O)[O-])cc1,11.020643,7.166736
Nc1ccc(C(=O)c2ccccc2)cc1.O=C(Cl)c1ccc2ccccc2c1,17.734863,10.213959
Nc1ccc(C(=O)c2ccccc2)cc1.O=C(Cl)c1cccc2ccccc12,18.021494,11.135197
Nc1ccc(C(=O)c2ccccc2)cc1.O=C(Cl)c1ccccc1,14.546447,10.345387
Nc1ccc(C(=O)c2ccccc2)cc1.O=C(Cl)c1ccco1,7.7592173,9.98311
Nc1ccc(C(=O)c2ccccc2)cc1.O=C(Cl)c1cccs1,10.209832,10.650798
Nc1ccc(F)cc1.CC(=O)Cl,-0.7832539,8.279771
Nc1ccc(F)cc1.CC(C)(C)C(=O)Cl,-7.2014027,8.604059
Nc1ccc(F)cc1.CC(C)(C)c1ccc(C(=O)Cl)cc1,15.165617,12.195095
Nc1ccc(F)cc1.CC(C)C(=O)Cl,-5.118103,9.755213
Nc1ccc(F)cc1.CCC(C(=O)Cl)c1ccccc1,-5.5471015,3.629941
Nc1ccc(F)cc1.CCCCC(=O)Cl,-3.7397482,9.651535
Nc1ccc(F)cc1.CCCCC(CC)C(=O)Cl,-4.0224223,3.5522068
Nc1ccc(F)cc1.CCCCCCC(=O)Cl,-3.1139765,9.922234
Nc1ccc(F)cc1.CCCCCCCCCCCC(=O)Cl,-1.5220768,6.2597103
Nc1ccc(F)cc1.CCc1ccc(C(=O)Cl)cc1,14.649646,11.786988
Nc1ccc(F)cc1.COc1cc(C(=O)Cl)cc(OC)c1OC,19.782066,9.381839
Nc1ccc(F)cc1.COc1ccc(C(=O)Cl)cc1,14.786578,12.884802
Nc1ccc(F)cc1.Cc1ccc(C(=O)Cl)cc1,14.516626,11.745309
Nc1ccc(F)cc1.Cc1ccccc1C(=O)Cl,13.523049,13.914541
Nc1ccc(F)cc1.O=C(Cl)C12CC3CC(CC(C3)C1)C2,-7.8627625,7.1710415
Nc1ccc(F)cc1.O=C(Cl)C=Cc1ccccc1,3.7206383,9.479684
Nc1ccc(F)cc1.O=C(Cl)c1ccc(-c2ccccc2)cc1,19.928513,10.092304
Nc1ccc(F)cc1.O=C(Cl)c1ccc(Br)cc1,13.255421,8.741486
Nc1ccc(F)cc1.O=C(Cl)c1ccc(C(F)(F)F)cc1,11.892451,8.918461
Nc1ccc(F)cc1.O=C(Cl)c1ccc(Cl)cc1,13.566764,9.811083
Nc1ccc(F)cc1.O=C(Cl)c1ccc(Cl)cc1Cl,13.804702,6.127144
Nc1ccc(F)cc1.O=C(Cl)c1ccc(F)cc1,13.663817,10.224094
Nc1ccc(F)cc1.O=C(Cl)c1ccc(F)cc1F,14.515801,6.8640075
Nc1ccc(F)cc1.O=C(Cl)c1ccc(OC(F)(F)F)cc1,12.859292,9.736513
Nc1ccc(F)cc1.O=C(Cl)c1ccc(SC(F)(F)F)cc1,11.273194,7.644527
Nc1ccc(F)cc1.O=C(Cl)c1ccc([N+](=O)[O-])cc1,10.594038,6.609878
Nc1ccc(F)cc1.O=C(Cl)c1ccc2ccccc2c1,19.795822,10.577318
Nc1ccc(F)cc1.O=C(Cl)c1cccc2ccccc12,18.874804,11.693803
Nc1ccc(F)cc1.O=C(Cl)c1ccccc1,13.897144,11.033208
Nc1ccc(F)cc1.O=C(Cl)c1ccco1,7.401038,9.861347
Nc1ccc(F)cc1.O=C(Cl)c1cccs1,9.645471,10.505587
Nc1ccc(Oc2ccc(F)cc2)cc1.CC(=O)Cl,-0.9759429,8.538165
Nc1ccc(Oc2ccc(F)cc2)cc1.CC(C)(C)C(=O)Cl,-6.7768083,7.878673
Nc1ccc(Oc2ccc(F)cc2)cc1.CC(C)(C)c1ccc(C(=O)Cl)cc1,12.605883,11.981675
Nc1ccc(Oc2ccc(F)cc2)cc1.CC(C)C(=O)Cl,-4.730005,8.831294
Nc1ccc(Oc2ccc(F)cc2)cc1.CCC(C(=O)Cl)c1ccccc1,-5.3642974,4.6200056
Nc1ccc(Oc2ccc(F)cc2)cc1.CCCCC(=O)Cl,-3.5427194,8.731043
Nc1ccc(Oc2ccc(F)cc2)cc1.CCCCC(CC)C(=O)Cl,-4.263585,4.5464063
Nc1ccc(Oc2ccc(F)cc2)cc1.CCCCCCC(=O)Cl,-3.0174613,8.405373
Nc1ccc(Oc2ccc(F)cc2)cc1.CCCCCCCCCCCC(=O)Cl,-1.9450644,6.474354
Nc1ccc(Oc2ccc(F)cc2)cc1.CCc1ccc(C(=O)Cl)cc1,12.699322,12.048403
Nc1ccc(Oc2ccc(F)cc2)cc1.COc1cc(C(=O)Cl)cc(OC)c1OC,18.119488,9.390118
Nc1ccc(Oc2ccc(F)cc2)cc1.COc1ccc(C(=O)Cl)cc1,12.91096,12.440719
Nc1ccc(Oc2ccc(F)cc2)cc1.Cc1ccc(C(=O)Cl)cc1,12.2527685,12.008327
Nc1ccc(Oc2ccc(F)cc2)cc1.Cc1ccccc1C(=O)Cl,12.485746,13.211591
Nc1ccc(Oc2ccc(F)cc2)cc1.O=C(Cl)C12CC3CC(CC(C3)C1)C2,-7.4578953,7.055954
Nc1ccc(Oc2ccc(F)cc2)cc1.O=C(Cl)C=Cc1ccccc1,3.9610927,8.8803005
Nc1ccc(Oc2ccc(F)cc2)cc1.O=C(Cl)c1ccc(-c2ccccc2)cc1,18.3277,9.689851
Nc1ccc(Oc2ccc(F)cc2)cc1.O=C(Cl)c1ccc(Br)cc1,12.730983,9.195385
Nc1ccc(Oc2ccc(F)cc2)cc1.O=C(Cl)c1ccc(C(F)(F)F)cc1,11.279814,9.858078
Nc1ccc(Oc2ccc(F)cc2)cc1.O=C(Cl)c1ccc(Cl)cc1,11.82117,11.035157
Nc1ccc(Oc2ccc(F)cc2)cc1.O=C(Cl)c1ccc(Cl)cc1Cl,13.069943,6.5746264
Nc1ccc(Oc2ccc(F)cc2)cc1.O=C(Cl)c1ccc(F)cc1,11.990412,11.502215
Nc1ccc(Oc2ccc(F)cc2)cc1.O=C(Cl)c1ccc(F)cc1F,13.579482,7.3120675
Nc1ccc(Oc2ccc(F)cc2)cc1.O=C(Cl)c1ccc(OC(F)(F)F)cc1,11.7083025,10.83905
Nc1ccc(Oc2ccc(F)cc2)cc1.O=C(Cl)c1ccc(SC(F)(F)F)cc1,10.901951,8.338526
Nc1ccc(Oc2ccc(F)cc2)cc1.O=C(Cl)c1ccc([N+](=O)[O-])cc1,10.560814,7.1748476
Nc1ccc(Oc2ccc(F)cc2)cc1.O=C(Cl)c1ccc2ccccc2c1,17.999063,9.854835
Nc1ccc(Oc2ccc(F)cc2)cc1.O=C(Cl)c1cccc2ccccc12,18.218784,11.177024
Nc1ccc(Oc2ccc(F)cc2)cc1.O=C(Cl)c1ccccc1,11.879521,11.555861
Nc1ccc(Oc2ccc(F)cc2)cc1.O=C(Cl)c1ccco1,7.6797323,10.311977
Nc1ccc(Oc2ccc(F)cc2)cc1.O=C(Cl)c1cccs1,9.887714,11.040484
Nc1cccc2cccnc12.CC(=O)Cl,-0.67627305,8.164925
Nc1cccc2cccnc12.CC(C)(C)C(=O)Cl,-7.4073424,8.201814
Nc1cccc2cccnc12.CC(C)(C)c1ccc(C(=O)Cl)cc1,14.164844,12.3526
Nc1cccc2cccnc12.CC(C)C(=O)Cl,-5.168904,9.070816
Nc1cccc2cccnc12.CCC(C(=O)Cl)c1ccccc1,-5.840482,4.141162
Nc1cccc2cccnc12.CCCCC(=O)Cl,-3.177584,9.1665535
Nc1cccc2cccnc12.CCCCC(CC)C(=O)Cl,-3.9177868,3.9728038
Nc1cccc2cccnc12.CCCCCCC(=O)Cl,-2.7117884,9.191427
Nc1cccc2cccnc12.CCCCCCCCCCCC(=O)Cl,-1.922025,5.80499
Nc1cccc2cccnc12.CCc1ccc(C(=O)Cl)cc1,13.93294,11.88234
Nc1cccc2cccnc12.COc1cc(C(=O)Cl)cc(OC)c1OC,19.22192,9.079206
Nc1cccc2cccnc12.COc1ccc(C(=O)Cl)cc1,14.104132,12.898283
Nc1cccc2cccnc12.Cc1ccc(C(=O)Cl)cc1,13.674473,11.774003
Nc1cccc2cccnc12.Cc1ccccc1C(=O)Cl,12.755389,14.252728
Nc1cccc2cccnc12.O=C(Cl)C12CC3CC(CC(C3)C1)C2,-8.183651,6.8517857
Nc1cccc2cccnc12.O=C(Cl)C=Cc1ccccc1,3.6860075,9.162214
Nc1cccc2cccnc12.O=C(Cl)c1ccc(-c2ccccc2)cc1,19.324162,9.766632
Nc1cccc2cccnc12.O=C(Cl)c1ccc(Br)cc1,13.161122,8.495681
Nc1cccc2cccnc12.O=C(Cl)c1ccc(C(F)(F)F)cc1,11.217453,9.034479
Nc1cccc2cccnc12.O=C(Cl)c1ccc(Cl)cc1,12.849659,10.493017
Nc1cccc2cccnc12.O=C(Cl)c1ccc(Cl)cc1Cl,13.429091,5.8402104
Nc1cccc2cccnc12.O=C(Cl)c1ccc(F)cc1,12.949908,10.897901
Nc1cccc2cccnc12.O=C(Cl)c1ccc(F)cc1F,14.584909,7.0237026
Nc1cccc2cccnc12.O=C(Cl)c1ccc(OC(F)(F)F)cc1,12.520113,10.16543
Nc1cccc2cccnc12.O=C(Cl)c1ccc(SC(F)(F)F)cc1,11.061256,7.9866953
Nc1cccc2cccnc12.O=C(Cl)c1ccc([N+](=O)[O-])cc1,10.507886,6.5420046
Nc1cccc2cccnc12.O=C(Cl)c1ccc2ccccc2c1,19.228931,9.771606
Nc1cccc2cccnc12.O=C(Cl)c1cccc2ccccc12,18.726265,11.754205
Nc1cccc2cccnc12.O=C(Cl)c1ccccc1,13.273948,11.31827
Nc1cccc2cccnc12.O=C(Cl)c1ccco1,7.178877,9.524003
Nc1cccc2cccnc12.O=C(Cl)c1cccs1,9.3064785,10.431715
Nc1ccccc1.CC(=O)Cl,-0.65461546,8.613716
Nc1ccccc1.CC(C)(C)C(=O)Cl,-7.271533,8.472105
Nc1ccccc1.CC(C)(C)c1ccc(C(=O)Cl)cc1,15.171785,12.053953
Nc1ccccc1.CC(C)C(=O)Cl,-5.4259963,8.9856825
Nc1ccccc1.CCC(C(=O)Cl)c1ccccc1,-5.3587985,3.7371697
Nc1ccccc1.CCCCC(=O)Cl,-3.580188,9.965239
Nc1ccccc1.CCCCC(CC)C(=O)Cl,-4.6588526,3.5623252
Nc1ccccc1.CCCCCCC(=O)Cl,-2.9963934,9.795014
Nc1ccccc1.CCCCCCCCCCCC(=O)Cl,-1.4252982,6.148512
Nc1ccccc1.CCc1ccc(C(=O)Cl)cc1,14.718585,12.006956
Nc1ccccc1.COc1cc(C(=O)Cl)cc(OC)c1OC,19.892262,9.406055
Nc1ccccc1.COc1ccc(C(=O)Cl)cc1,14.818904,13.051616
Nc1ccccc1.Cc1ccc(C(=O)Cl)cc1,14.443348,11.658475
Nc1ccccc1.Cc1ccccc1C(=O)Cl,13.320698,14.232059
Nc1ccccc1.O=C(Cl)C12CC3CC(CC(C3)C1)C2,-8.086054,7.1908045
Nc1ccccc1.O=C(Cl)C=Cc1ccccc1,3.8399673,9.269309
Nc1ccccc1.O=C(Cl)c1ccc(-c2ccccc2)cc1,19.988005,10.145724
Nc1ccccc1.O=C(Cl)c1ccc(Br)cc1,13.289874,8.365933
Nc1ccccc1.O=C(Cl)c1ccc(C(F)(F)F)cc1,11.798207,8.789172
Nc1ccccc1.O=C(Cl)c1ccc(Cl)cc1,13.4204445,10.115125
Nc1ccccc1.O=C(Cl)c1ccc(Cl)cc1Cl,13.827557,6.0873585
Nc1ccccc1.O=C(Cl)c1ccc(F)cc1,13.761709,10.654894
Nc1ccccc1.O=C(Cl)c1ccc(F)cc1F,14.639837,6.682737
Nc1ccccc1.O=C(Cl)c1ccc(OC(F)(F)F)cc1,12.973438,9.626835
Nc1ccccc1.O=C(Cl)c1ccc(SC(F)(F)F)cc1,11.048126,7.8669605
Nc1ccccc1.O=C(Cl)c1ccc([N+](=O)[O-])cc1,10.40207,6.5892324
Nc1ccccc1.O=C(Cl)c1ccc2ccccc2c1,19.730192,10.535717
Nc1ccccc1.O=C(Cl)c1cccc2ccccc12,19.16832,11.792809
Nc1ccccc1.O=C(Cl)c1ccccc1,14.108161,10.827607
Nc1ccccc1.O=C(Cl)c1ccco1,7.2785554,9.328255
Nc1ccccc1.O=C(Cl)c1cccs1,9.819019,10.093602
Nc1ccccc1-c1ccccc1.CC(=O)Cl,-1.1395315,8.578092
Nc1ccccc1-c1ccccc1.CC(C)(C)C(=O)Cl,-6.7186303,8.262537
Nc1ccccc1-c1ccccc1.CC(C)(C)c1ccc(C(=O)Cl)cc1,13.381973,12.6530075
Nc1ccccc1-c1ccccc1.CC(C)C(=O)Cl,-5.2372785,8.657795
Nc1ccccc1-c1ccccc1.CCC(C(=O)Cl)c1ccccc1,-5.816458,4.3289194
Nc1ccccc1-c1ccccc1.CCCCC(=O)Cl,-3.382757,9.034579
Nc1ccccc1-c1ccccc1.CCCCC(CC)C(=O)Cl,-4.3927073,4.364859
Nc1ccccc1-c1ccccc1.CCCCCCC(=O)Cl,-2.7750802,8.801768
Nc1ccccc1-c1ccccc1.CCCCCCCCCCCC(=O)Cl,-1.8396075,6.2799697
Nc1ccccc1-c1ccccc1.CCc1ccc(C(=O)Cl)cc1,13.049237,12.395338
Nc1ccccc1-c1ccccc1.COc1cc(C(=O)Cl)cc(OC)c1OC,18.893724,9.047194
Nc1ccccc1-c1ccccc1.COc1ccc(C(=O)Cl)cc1,13.51594,12.997106
Nc1ccccc1-c1ccccc1.Cc1ccc(C(=O)Cl)cc1,13.05484,11.997486
Nc1ccccc1-c1ccccc1.Cc1ccccc1C(=O)Cl,12.515361,14.138814
Nc1ccccc1-c1ccccc1.O=C(Cl)C12CC3CC(CC(C3)C1)C2,-7.4812446,6.414746
Nc1ccccc1-c1ccccc1.O=C(Cl)C=Cc1ccccc1,4.066261,8.644242
Nc1ccccc1-c1ccccc1.O=C(Cl)c1ccc(-c2ccccc2)cc1,18.848253,9.716448
Nc1ccccc1-c1ccccc1.O=C(Cl)c1ccc(Br)cc1,12.910583,8.604369
Nc1ccccc1-c1ccccc1.O=C(Cl)c1ccc(C(F)(F)F)cc1,10.990872,9.293235
Nc1ccccc1-c1ccccc1.O=C(Cl)c1ccc(Cl)cc1,12.098451,10.629138
Nc1ccccc1-c1ccccc1.O=C(Cl)c1ccc(Cl)cc1Cl,13.355899,6.102533
Nc1ccccc1-c1ccccc1.O=C(Cl)c1ccc(F)cc1,12.358167,11.2431135
Nc1ccccc1-c1ccccc1.O=C(Cl)c1ccc(F)cc1F,14.226614,7.059992
Nc1ccccc1-c1ccccc1.O=C(Cl)c1ccc(OC(F)(F)F)cc1,11.93998,10.285836
Nc1ccccc1-c1ccccc1.O=C(Cl)c1ccc(SC(F)(F)F)cc1,10.423755,8.047789
Nc1ccccc1-c1ccccc1.O=C(Cl)c1ccc([N+](=O)[O-])cc1,10.153332,6.854948
Nc1ccccc1-c1ccccc1.O=C(Cl)c1ccc2ccccc2c1,18.593668,9.878824
Nc1ccccc1-c1ccccc1.O=C(Cl)c1cccc2ccccc12,18.289999,11.776339
Nc1ccccc1-c1ccccc1.O=C(Cl)c1ccccc1,12.770194,11.444256
Nc1ccccc1-c1ccccc1.O=C(Cl)c1ccco1,7.2340493,10.03873
Nc1ccccc1-c1ccccc1.O=C(Cl)c1cccs1,9.213011,10.704221
Nc1ccccc1F.CC(=O)Cl,-0.8142347,8.787421
Nc1ccccc1F.CC(C)(C)C(=O)Cl,-7.351465,8.180323
Nc1ccccc1F.CC(C)(C)c1ccc(C(=O)Cl)cc1,14.912182,12.381311
Nc1ccccc1F.CC(C)C(=O)Cl,-5.6872854,9.04735
Nc1ccccc1F.CCC(C(=O)Cl)c1ccccc1,-5.8189926,3.8146355
Nc1ccccc1F.CCCCC(=O)Cl,-3.6075666,9.919734
Nc1ccccc1F.CCCCC(CC)C(=O)Cl,-4.4568453,3.7858148
Nc1ccccc1F.CCCCCCC(=O)Cl,-3.4220514,9.949297
Nc1ccccc1F.CCCCCCCCCCCC(=O)Cl,-1.986771,6.2016335
Nc1ccccc1F.CCc1ccc(C(=O)Cl)cc1,14.219021,12.333083
Nc1ccccc1F.COc1cc(C(=O)Cl)cc(OC)c1OC,19.767328,9.180282
Nc1ccccc1F.COc1ccc(C(=O)Cl)cc1,14.637457,13.121572
Nc1ccccc1F.Cc1ccc(C(=O)Cl)cc1,13.929617,11.960732
Nc1ccccc1F.Cc1ccccc1C(=O)Cl,13.434479,14.163735
Nc1ccccc1F.O=C(Cl)C12CC3CC(CC(C3)C1)C2,-8.042586,6.9947853
Nc1ccccc1F.O=C(Cl)C=Cc1ccccc1,3.8756702,9.030747
Nc1ccccc1F.O=C(Cl)c1ccc(-c2ccccc2)cc1,20.317991,10.034008
Nc1ccccc1F.O=C(Cl)c1ccc(Br)cc1,13.012187,8.450313
Nc1ccccc1F.O=C(Cl)c1ccc(C(F)(F)F)cc1,11.422764,9.28712
Nc1ccccc1F.O=C(Cl)c1ccc(Cl)cc1,12.9051,10.182245
Nc1ccccc1F.O=C(Cl)c1ccc(Cl)cc1Cl,14.090306,5.790767
Nc1ccccc1F.O=C(Cl)c1ccc(F)cc1,13.068584,10.717234
Nc1ccccc1F.O=C(Cl)c1ccc(F)cc1F,14.810477,6.478909
Nc1ccccc1F.O=C(Cl)c1ccc(OC(F)(F)F)cc1,12.49326,9.794948
Nc1ccccc1F.O=C(Cl)c1ccc(SC(F)(F)F)cc1,10.852208,7.804618
Nc1ccccc1F.O=C(Cl)c1ccc([N+](=O)[O-])cc1,10.345883,6.8173447
Nc1ccccc1F.O=C(Cl)c1ccc2ccccc2c1,20.115253,10.032761
Nc1ccccc1F.O=C(Cl)c1cccc2ccccc12,19.163033,11.654341
Nc1ccccc1F.O=C(Cl)c1ccccc1,13.410919,11.385927
Nc1ccccc1F.O=C(Cl)c1ccco1,7.353022,9.143741
Nc1ccccc1F.O=C(Cl)c1cccs1,9.771983,10.161193
CC(C)NC(C)C.CC(=O)Cl,-1.9296509,7.9098277
CC(C)NC(C)C.CC(C)(C)C(=O)Cl,-6.1717973,7.0473814
CC(C)NC(C)C.CC(C)(C)c1ccc(C(=O)Cl)cc1,5.8373957,6.704419
CC(C)NC(C)C.CC(C)C(=O)Cl,-4.6630306,7.0278854
CC(C)NC(C)C.CCC(C(=O)Cl)c1ccccc1,-4.907032,5.272561
CC(C)NC(C)C.CCCCC(=O)Cl,-3.4300137,7.2392673
CC(C)NC(C)C.CCCCC(CC)C(=O)Cl,-4.243904,5.436648
CC(C)NC(C)C.CCCCCCC(=O)Cl,-3.6988876,6.9669647
CC(C)NC(C)C.CCCCCCCCCCCC(=O)Cl,-3.053642,6.0891104
CC(C)NC(C)C.CCc1ccc(C(=O)Cl)cc1,5.9082184,6.8932476
CC(C)NC(C)C.COc1cc(C(=O)Cl)cc(OC)c1OC,5.04837,5.954615
CC(C)NC(C)C.COc1ccc(C(=O)Cl)cc1,5.598493,6.5261326
CC(C)NC(C)C.Cc1ccc(C(=O)Cl)cc1,6.256263,6.951038
CC(C)NC(C)C.Cc1ccccc1C(=O)Cl,6.273657,6.7065425
CC(C)NC(C)C.O=C(Cl)C12CC3CC(CC(C3)C1)C2,-6.944647,6.7655272
CC(C)NC(C)C.O=C(Cl)C=Cc1ccccc1,5.160086,7.5658946
CC(C)NC(C)C.O=C(Cl)c1ccc(-c2ccccc2)cc1,4.6701174,5.9041657
CC(C)NC(C)C.O=C(Cl)c1ccc(Br)cc1,7.3134065,6.320787
CC(C)NC(C)C.O=C(Cl)c1ccc(C(F)(F)F)cc1,7.9250193,6.442587
CC(C)NC(C)C.O=C(Cl)c1ccc(Cl)cc1,7.300006,6.9378715
CC(C)NC(C)C.O=C(Cl)c1ccc(Cl)cc1Cl,8.283448,5.589555
CC(C)NC(C)C.O=C(Cl)c1ccc(F)cc1,6.9664207,6.8854017
CC(C)NC(C)C.O=C(Cl)c1ccc(F)cc1F,7.476742,6.228515
CC(C)NC(C)C.O=C(Cl)c1ccc(OC(F)(F)F)cc1,6.9520264,6.1952844
CC(C)NC(C)C.O=C(Cl)c1ccc(SC(F)(F)F)cc1,7.919454,6.2359543
CC(C)NC(C)C.O=C(Cl)c1ccc([N+](=O)[O-])cc1,8.489071,6.365112
CC(C)NC(C)C.O=C(Cl)c1ccc2ccccc2c1,5.089037,6.1587853
CC(C)NC(C)C.O=C(Cl)c1cccc2ccccc12,4.781317,5.920373
CC(C)NC(C)C.O=C(Cl)c1ccccc1,6.562854,6.946134
CC(C)NC(C)C.O=C(Cl)c1ccco1,7.164408,8.344252
CC(C)NC(C)C.O=C(Cl)c1cccs1,6.883191,7.419134
