reactant_aldehyde_nostereo,conv,deltaG
C#CCOc1ccccc1C=O,89.5,1.3635649667269656
C#Cc1cc(F)ccc1C=O,19.0,1.0449781315533908
C#Cc1ccc(C=O)nc1,98.0,0.9015725489977663
C#Cc1ccc(C=O)o1,99.0,1.3879726066972542
C#Cc1cccc(C=O)c1,99.0,1.3879726066972542
C#Cc1ccccc1C=O,99.0,1.3879726066972542
C=C(C)COc1ccccc1C=O,95.0,1.3879726066972542
C=CCOc1ccc(C=O)cc1OC,71.0,1.1109847771625294
C=CCOc1cccc(C=O)c1,97.0,1.3879726066972542
C=CCOc1ccccc1C=O,94.0,1.3879726066972542
C=Cc1cccc(C=O)c1,98.0,1.3879726066972542
C=Cc1ccccc1C=O,98.0,1.3879726066972542
CC(C)(C)OC(=O)COc1ccc(Br)cc1C=O,99.0,1.3879726066972542
CC(C)(C)OC(=O)N1CC(Sc2ccc(C=O)cc2)C1,46.0,1.1883837141090154
CC(C)(C)OC(=O)N1CCC(c2ccc(C=O)cc2)CC1,96.0,1.3879726066972542
CC(C)(C)OC(=O)N1CCCc2cc(C=O)ccc21,93.0,1.3879726066972542
CC(C)(C)OC(=O)N1CCCc2ccc(C=O)cc21,90.0,1.3879726066972542
CC(C)(C)OC(=O)N1CCN(c2ccc([N+](=O)[O-])cc2C=O)CC1,35.0,1.0180107051043732
CC(C)(C)OC(=O)N1CCc2c(C=O)cccc21,43.0,1.3879726066972542
CC(C)(C)OC(=O)N1CCc2cc(C=O)ccc2C1,87.0,1.3879726066972542
CC(C)(C)OC(=O)N1CCc2cc(C=O)sc2C1,96.0,1.3879726066972542
CC(C)(C)OC(=O)N1CCc2ccc(C=O)cc2C1,92.0,1.3879726066972542
CC(C)(C)OC(=O)N1CCc2sc(C=O)cc2C1,68.0,1.3879726066972542
CC(C)(C)OC(=O)N1Cc2ccc(C=O)cc2C1,97.0,1.2845864866092154
CC(C)(C)OC(=O)c1cc(F)c(C=O)c(F)c1,99.0,1.3879726066972542
CC(C)(C)OC(=O)c1ccc(C=O)cc1,97.5,1.3879726066972542
CC(C)(C)OC(=O)c1cccc(C=O)c1,93.5,1.3879726066972542
CC(C)(C)OC(=O)n1c(C=O)cc2cc(Br)ccc21,91.0,0.9634398649569116
CC(C)(C)OC(=O)n1ccc(C=O)c1,83.5,1.339157326756677
CC(C)(C)OC(=O)n1ccc2cc(C=O)ccc21,91.5,1.3879726066972542
CC(C)(C)OC(=O)n1ccc2ccc(C=O)cc21,74.0,1.3126748825968737
CC(C)(C)Oc1ccccc1C=O,91.0,1.3879726066972542
CC(C)(C)c1cc(Br)c(C=O)c(Br)c1,99.0,1.3879726066972542
CC(C)(C)c1cc(C=O)ccn1,99.0,1.339157326756677
CC(C)(C)c1ccc(C=O)cn1,98.0,1.3879726066972542
CC(C)(C)c1ccc(Cl)c(C=O)c1,99.0,1.1883837141090154
CC(C)(C)c1ccc(OCc2ccccc2)c(C=O)c1,94.0,1.3879726066972542
CC(C)(C)c1ccc(Oc2ccc(C=O)cc2)cc1,91.0,1.3879726066972542
CC(C)(C)c1cccc(C=O)c1,90.5,1.3879726066972542
CC(C)Cc1ccc(C=O)cc1,94.5,1.3879726066972542
CC(C)Oc1cc(C=O)ccc1F,94.5,1.2986306846030446
CC(C)Oc1ccc(Br)cc1C=O,99.0,1.3879726066972542
CC(C)Oc1cccc(C=O)c1,95.5,1.3879726066972542
CC(C)Oc1ccccc1C=O,91.0,1.3879726066972542
CC(C)Oc1cccnc1C=O,31.0,1.3879726066972542
CC(C)Oc1ncccc1C=O,96.5,1.0180107051043732
CC(C)c1ccc(C=O)c(Br)c1,99.0,1.2740147714955132
CC(C)c1ccc(C=O)cc1,95.0,1.3879726066972542
CC(C)c1cccc(C(C)C)c1C=O,21.0,1.3879726066972542
CC(C)c1cccc(C=O)c1,97.0,1.3879726066972542
CC(C)c1ccccc1C=O,91.0,1.3879726066972542
CC(C)c1cncc(C=O)c1,98.0,1.3879726066972542
CC(C)n1c(C=O)c(-c2ccc(F)cc2)c2ccccc21,28.0,0.8301519742044904
CC1(C)Oc2ccc(C=O)cc2O1,79.0,1.3879726066972542
CC1(C)c2cc(Br)ccc2-c2ccc(C=O)cc21,96.0,1.0668259850449504
CC1(c2cccc(C=O)c2)OCCO1,97.0,1.3879726066972542
CCCCC(CC)Cc1cc(C=O)sc1Br,99.0,1.3879726066972542
CCCCCCOc1ccc(Br)cc1C=O,80.0,1.3879726066972542
CCCCCCc1cc(C=O)sc1Br,99.0,1.3879726066972542
CCCCOc1ccc(C=O)cc1OC,19.0,1.364207569966279
CCCOc1c(Cl)cc(C=O)cc1OC,97.0,0.9015725489977663
CCCOc1ccc(Br)cc1C=O,95.0,1.3879726066972542
CCCOc1ccc(Cl)cc1C=O,95.0,1.3879726066972542
CCCOc1cccc(C=O)c1,96.5,1.3879726066972542
CCCOc1ccccc1C=O,95.0,1.3879726066972542
CCCOc1ncccc1C=O,97.0,1.2227191706500702
CCCc1ccc(C=O)cc1,92.5,1.3879726066972542
CCN(CC)c1ccc(C=O)cn1,21.0,1.1883837141090154
CCOC(=O)c1cc(C=O)c(Cl)s1,99.0,1.3879726066972542
CCOC(=O)c1ccc(-c2ccc(C=O)cc2)cc1,95.0,1.3879726066972542
CCOC(=O)c1ccc(-c2ccc(C=O)cc2)s1,97.0,1.254684715944833
CCOC(=O)c1ccc(-c2ccc(C=O)o2)cc1,99.0,1.1883837141090154
CCOC(=O)c1ccc(C=O)c(F)c1,99.0,1.3879726066972542
CCOC(=O)c1ccc(C=O)cc1,97.5,1.3879726066972542
CCOC(=O)c1ccc(C=O)nc1,99.0,0.9634398649569116
CCOC(=O)c1ccc(Oc2ccc(C=O)c(Br)c2)cc1,99.0,1.3879726066972542
CCOC(Cn1ncc(I)c1C=O)OCC,90.0,1.3879726066972542
CCOc1c(Br)cc(C)cc1C=O,97.0,1.3879726066972542
CCOc1c(C=O)cc([N+](=O)[O-])cc1OC,97.0,1.3879726066972542
CCOc1cc(Br)cc(C=O)c1,99.0,1.3879726066972542
CCOc1cc(C(=O)OC)ccc1C=O,79.0,1.3879726066972542
CCOc1cc(C=O)c(Br)cn1,99.0,1.3879726066972542
CCOc1cc(C=O)cc(Br)c1OCc1ccccc1,97.0,0.6422932433046077
CCOc1cc(C=O)cc(OCC)c1Br,94.0,0.8545596141747791
CCOc1cc(C=O)ccc1OC,55.0,1.1109847771625294
CCOc1cc(C=O)ccc1OC(C)C,63.0,1.1512985958567943
CCOc1cc(C=O)ccc1OCc1c(Cl)cccc1Cl,68.0,1.1109847771625294
CCOc1cc(F)cc(C=O)c1,99.0,1.1883837141090154
CCOc1cc2c(cc1C=O)CCC2,65.0,1.3879726066972542
CCOc1ccc(Br)cc1C=O,97.0,0.736222608754549
CCOc1ccc(C=O)c(F)c1F,97.0,1.1109847771625294
CCOc1ccc(C=O)cc1Br,96.0,1.311871906682946
CCOc1ccc(C=O)cc1Cl,96.5,1.254684715944833
CCOc1ccc(C=O)cn1,96.5,1.3760900883317666
CCOc1ccc(Cl)cc1C=O,99.0,1.3879726066972542
CCOc1ccc2cc(C=O)ccc2c1,95.0,1.3879726066972542
CCOc1ccc2ccccc2c1C=O,33.0,1.3879726066972542
CCOc1ccc2nc(Cl)c(C=O)cc2c1,91.0,1.2845864866092154
CCOc1cccc(C=O)c1,97.0,1.3879726066972542
CCOc1cccc(C=O)c1OCC,85.0,1.3879726066972542
CCOc1cccc(C=O)n1,94.0,1.3879726066972542
CCOc1ccccc1C=O,79.0,1.3879726066972542
CCOc1cccnc1C=O,92.66666666666667,1.3879726066972544
CCOc1ccncc1C=O,86.0,1.3879726066972542
CCOc1ncccc1C=O,58.0,1.3879726066972542
CCS(=O)(=O)c1ccc(C=O)cc1,99.0,1.3879726066972542
CCc1cc(Br)ccc1C=O,92.0,1.3879726066972542
CCc1ccc(C=O)c(Br)c1,93.0,1.364207569966279
CCc1ccc(C=O)cc1,93.0,1.3879726066972544
CCc1ccc(C=O)s1,84.25,1.3879726066972542
CCc1cccc(C=O)c1,91.5,1.3879726066972542
CCc1cccc2cc(C=O)c(Cl)nc12,99.0,1.1512985958567943
CCc1ccccc1C=O,60.0,1.3879726066972542
CCn1c(C=O)cc2ccccc21,59.0,1.3879726066972542
CCn1ccc2cc(C=O)ccc21,29.0,1.3879726066972542
CN(C)C(=O)Oc1ccc(C=O)cc1,96.0,1.3879726066972542
CN(C)C(=O)c1ccc(C=O)cc1,68.0,1.3879726066972542
CN(C)C(=O)c1cccc(C=O)c1,97.0,1.3879726066972542
CN(C)Cc1ccc(C=O)cc1,23.0,1.3879726066972542
CN(C)Cc1cccc(C=O)c1,97.0,1.3879726066972542
CN(C)c1cc(Br)ccc1C=O,53.0,1.3879726066972542
CN(C)c1ccc([N+](=O)[O-])c(C=O)c1,23.0,0.9634398649569116
CN(C)c1cccc(C=O)n1,81.0,1.3879726066972542
CN(C)c1ccccc1C=O,54.5,1.3879726066972542
CN(Cc1ccccc1)c1ccccc1C=O,40.0,1.3879726066972542
CN1CCN(c2cc(Br)ccc2C=O)CC1,41.0,1.339157326756677
CN1CCN(c2cc(C=O)ccc2F)CC1,95.0,0.9634398649569116
CN1CCN(c2ccc(C=O)c(S(C)(=O)=O)c2)CC1,66.0,1.339157326756677
CN1CCN(c2cccc(C=O)c2)CC1,94.0,1.3879726066972542
COC(=O)Cc1cccc(C=O)c1,94.0,1.3879726066972542
COC(=O)c1c(Cl)ccc(C=O)c1F,99.0,1.3879726066972542
COC(=O)c1cc(Br)c(C=O)n1C,99.0,1.3879726066972542
COC(=O)c1cc(Br)c(C=O)s1,98.0,1.3879726066972542
COC(=O)c1cc(Br)cc(C=O)c1,90.5,1.3879726066972542
COC(=O)c1cc(C=O)cc(OC)c1,89.0,1.3879726066972542
COC(=O)c1cc(C=O)ccc1Cl,99.0,1.2845864866092154
COC(=O)c1cc(C=O)ccc1F,95.0,0.9015725489977663
COC(=O)c1cc(Cl)cc(C=O)c1,98.0,1.364207569966279
COC(=O)c1cc(F)cc(C=O)c1,71.0,1.2227191706500702
COC(=O)c1ccc(-c2cccc(C=O)n2)cc1,96.0,1.3879726066972542
COC(=O)c1ccc(C=O)c(C)c1,97.0,1.3879726066972542
COC(=O)c1ccc(C=O)c(I)c1,97.0,1.3879726066972542
COC(=O)c1ccc(C=O)c(OC)c1,97.0,1.3879726066972542
COC(=O)c1ccc(C=O)c([N+](=O)[O-])c1,78.0,1.1109847771625294
COC(=O)c1ccc(C=O)cc1C,93.33333333333333,1.3879726066972544
COC(=O)c1ccc(C=O)cc1C(F)(F)F,96.0,1.3879726066972542
COC(=O)c1ccc(C=O)cc1Cl,99.0,1.3879726066972542
COC(=O)c1ccc(C=O)cc1OC,90.0,1.3879726066972542
COC(=O)c1ccc(C=O)nc1,98.0,1.2836797992708533
COC(=O)c1ccc(C=O)o1,98.0,1.2845864866092154
COC(=O)c1ccc(Cl)c(C=O)c1,98.0,1.254684715944833
COC(=O)c1ccc(F)c(C=O)c1,88.0,1.339157326756677
COC(=O)c1ccc(OC)c(C=O)c1,96.0,1.131141686509662
COC(=O)c1cccc(-c2cccc(C=O)n2)c1,97.0,1.3879726066972542
COC(=O)c1cccc(C=O)c1,98.0,1.3879726066972542
COC(=O)c1cccc(C=O)c1OC,94.0,1.3879726066972542
COC(=O)c1cccc(C=O)c1[N+](=O)[O-],98.0,1.3879726066972542
COC(=O)c1ccccc1-c1ccccc1C=O,42.0,0.32114662165230384
COC(=O)c1cnc(C=O)c(C)c1,67.0,1.3879726066972542
COC(=O)c1coc(C=O)c1,98.0,1.3879726066972542
COCOc1cc(C)cc(C)c1C=O,36.0,0.6422932433046077
COCOc1ccc(Cl)cc1C=O,98.0,1.3879726066972542
COCOc1ccc(F)c(F)c1C=O,99.0,1.3879726066972542
COCOc1cccc(C=O)c1,98.0,1.3879726066972542
COCc1ccc(C=O)o1,46.0,1.3879726066972542
COCc1ccccc1C=O,75.0,1.3879726066972542
COc1c(Br)cc(Br)cc1C=O,99.0,1.3879726066972542
COc1c(Br)cc(C=O)cc1Br,99.0,1.3259161046767753
COc1c(Br)cc(F)cc1C=O,99.0,1.3879726066972542
COc1c(Br)ccc(C=O)c1F,98.0,1.3879726066972542
COc1c(Br)cccc1C=O,95.0,1.3879726066972542
COc1c(Br)cncc1C=O,99.0,1.3879726066972542
COc1c(C)cc(C=O)cc1S(=O)(=O)c1ccc(C)cc1,98.0,1.254684715944833
COc1c(C)cccc1C=O,91.0,1.3879726066972542
COc1c(C)cnc(C=O)c1C,77.0,1.3879726066972542
COc1c(C=O)cc(Br)c2ccccc12,97.0,1.3879726066972542
COc1c(C=O)ccc(Br)c1F,34.0,0.9634398649569116
COc1c(C=O)ccc2ccccc12,91.0,1.3879726066972542
COc1c(C=O)ccnc1Br,70.0,1.339157326756677
COc1c(Cl)cc(C=O)cc1Cl,99.0,1.351682448361478
COc1c(Cl)cc(Cl)cc1C=O,99.0,1.3879726066972542
COc1c(Cl)cccc1C=O,92.5,1.3879726066972542
COc1c(F)cc(C=O)cc1F,99.0,1.2387019432974515
COc1c(F)cc(F)cc1C=O,99.0,1.3879726066972542
COc1c(F)ccc(F)c1C=O,97.5,1.3879726066972542
COc1cc(-c2ccc(C=O)c(F)c2)ccn1,98.0,1.3879726066972542
COc1cc(Br)c(C(F)(F)F)cc1C=O,65.0,1.3879726066972542
COc1cc(Br)c(C=O)cc1OC,58.0,1.0668259850449504
COc1cc(Br)cc(C=O)c1,98.0,1.0846546504805836
COc1cc(Br)cc(C=O)c1OC,99.0,1.3879726066972542
COc1cc(Br)ccc1C=O,95.0,1.351682448361478
COc1cc(Br)cnc1C=O,90.0,1.364207569966279
COc1cc(C(F)(F)F)ccc1C=O,96.0,1.3879726066972542
COc1cc(C)c(C=O)cc1OCc1ccccc1,14.0,1.0668259850449504
COc1cc(C)c(C=O)cn1,94.5,1.3879726066972542
COc1cc(C)cc(C)c1C=O,45.0,1.3879726066972542
COc1cc(C)cc(C=O)c1,95.5,1.2696356012770242
COc1cc(C)cnc1C=O,83.0,1.3879726066972542
COc1cc(C=O)c(Br)c(OC)c1OC,96.0,0.8301519742044904
COc1cc(C=O)c(Br)cn1,98.0,1.3635649667269656
COc1cc(C=O)c(Cl)c(OC)c1,97.0,0.9015725489977663
COc1cc(C=O)c(Cl)cn1,44.0,1.3879726066972542
COc1cc(C=O)c(F)cc1Br,97.0,0.6422932433046077
COc1cc(C=O)c(F)cc1F,96.0,0.7456793633926465
COc1cc(C=O)c(F)cn1,99.0,1.3879726066972544
COc1cc(C=O)c(OC)cc1Br,97.0,1.2845864866092154
COc1cc(C=O)c(OC)cc1Cl,91.5,0.9240813396544318
COc1cc(C=O)c([N+](=O)[O-])cc1OCc1ccccc1,39.0,0.32114662165230384
COc1cc(C=O)cc(C(F)(F)F)c1,98.0,1.2055514423795428
COc1cc(C=O)cc(Cl)c1OC,98.0,0.5756492979283971
COc1cc(C=O)cc(F)c1F,97.0,0.6939863033486271
COc1cc(C=O)cc(F)c1OC,98.0,0.7456793633926465
COc1cc(C=O)cc(I)c1OC,91.0,1.2227191706500702
COc1cc(C=O)cc(OC)c1,92.5,0.9907252850306424
COc1cc(C=O)cc(OC)c1Br,91.5,0.7879156687985684
COc1cc(C=O)cc(OC)c1F,94.0,0.8301519742044904
COc1cc(C=O)cc(OC)c1OC,93.0,0.6422932433046077
COc1cc(C=O)cc([N+](=O)[O-])c1,98.0,0.9015725489977663
COc1cc(C=O)ccc1-c1ccccc1,95.0,0.8301519742044904
COc1cc(C=O)ccc1C,90.0,1.1109847771625294
COc1cc(C=O)ccc1C(F)F,95.0,0.9634398649569116
COc1cc(C=O)ccc1Cl,96.0,0.8301519742044904
COc1cc(C=O)ccc1F,96.5,0.8301519742044904
COc1cc(C=O)ccc1I,96.0,0.8301519742044904
COc1cc(C=O)ccc1OC(F)F,91.5,0.8545596141747791
COc1cc(C=O)ccc1OCc1c(C)noc1C,69.0,0.6422932433046077
COc1cc(C=O)ccc1OCc1c(Cl)cccc1Cl,54.0,0.9634398649569116
COc1cc(C=O)ccc1OCc1ccccc1,64.5,1.0424183450746618
COc1cc(C=O)ccc1Oc1cnn(-c2ccccc2)c(=O)c1Cl,97.0,0.5090053525521866
COc1cc(C=O)ccc1SC,89.0,0.8301519742044904
COc1cc(C=O)ccc1[N+](=O)[O-],77.0,0.6939863033486271
COc1cc(C=O)ccn1,98.0,1.3879726066972542
COc1cc(Cl)c(C=O)c(Cl)c1,89.5,1.3879726066972542
COc1cc(Cl)c(C=O)cc1OC,65.0,0.9015725489977663
COc1cc(Cl)c(Cl)cc1C=O,99.0,1.3879726066972542
COc1cc(Cl)cc(C=O)c1,99.0,1.08890538110374
COc1cc(Cl)cc(C=O)c1OC,98.0,1.2227191706500702
COc1cc(Cl)cc(F)c1C=O,92.0,1.3879726066972542
COc1cc(Cl)nc(C=O)c1,98.0,1.3879726066972542
COc1cc(Cl)ncc1C=O,99.0,1.3879726066972542
COc1cc(F)c(C=O)c(F)c1,99.0,1.3879726066972542
COc1cc(F)c(C=O)cc1F,99.0,1.2505292983529446
COc1cc(F)c(C=O)cc1OC,80.5,0.8658622616011283
COc1cc(F)c(C=O)cc1[N+](=O)[O-],84.0,0.8301519742044904
COc1cc(F)c(F)cc1C=O,98.0,1.3879726066972542
COc1cc(F)cc(C=O)c1,97.5,1.2696356012770242
COc1cc(F)ccc1C=O,94.0,1.3879726066972542
COc1cc(I)c(C=O)cn1,99.0,1.3126748825968737
COc1cc(I)ccc1C=O,95.0,1.3879726066972542
COc1cc(OC)c(F)c(C=O)c1F,99.0,1.3879726066972542
COc1cc([N+](=O)[O-])c(C=O)cc1Cl,18.0,0.8301519742044904
COc1cc2cccc(OC)c2cc1C=O,97.0,1.3879726066972542
COc1cc2ccccc2cc1C=O,95.0,1.3879726066972542
COc1ccc(-c2c(C=O)cnn2C)cc1,20.0,1.339157326756677
COc1ccc(-c2ccc(C=O)cc2)c(OC)c1,96.0,1.3879726066972542
COc1ccc(-c2ccc(C=O)cc2)cc1OC,93.0,1.3879726066972542
COc1ccc(-c2ccc(C=O)cn2)cc1,92.0,1.3879726066972542
COc1ccc(Br)c(C)c1C=O,80.0,1.3879726066972542
COc1ccc(Br)c(C=O)c1,99.0,1.0644977411334513
COc1ccc(Br)c(C=O)c1F,99.0,1.3879726066972542
COc1ccc(Br)c(F)c1C=O,95.0,1.3879726066972542
COc1ccc(Br)c2nc(Cl)c(C=O)cc12,99.0,0.7456793633926465
COc1ccc(Br)cc1C=O,99.0,1.3879726066972542
COc1ccc(Br)nc1C=O,96.5,1.3879726066972542
COc1ccc(C(C)(C)C)cc1C=O,71.0,1.3879726066972542
COc1ccc(C(F)(F)F)c(C=O)c1,96.0,1.1109847771625294
COc1ccc(C(F)(F)F)cc1C=O,99.0,1.3879726066972542
COc1ccc(C)c(C=O)c1,87.0,1.3879726066972542
COc1ccc(C)cc1C=O,91.5,1.3879726066972542
COc1ccc(C=O)c(Br)c1,98.5,1.3879726066972542
COc1ccc(C=O)c(Br)c1OC,64.0,1.1109847771625294
COc1ccc(C=O)c(Br)n1,97.5,1.0424183450746618
COc1ccc(C=O)c(C(F)(F)F)c1,74.0,1.3879726066972542
COc1ccc(C=O)c(C)n1,86.0,1.3879726066972542
COc1ccc(C=O)c(Cl)c1,98.0,1.3879726066972542
COc1ccc(C=O)c(Cl)c1Cl,81.5,0.9634398649569116
COc1ccc(C=O)c(Cl)c1OC,78.5,1.3760900883317666
COc1ccc(C=O)c(Cl)n1,99.0,1.0180107051043732
COc1ccc(C=O)c(F)c1,96.5,1.3879726066972542
COc1ccc(C=O)c(F)c1F,94.0,1.1870088832534322
COc1ccc(C=O)c(F)c1OC,81.0,1.3879726066972542
COc1ccc(C=O)c(I)c1,95.0,1.254684715944833
COc1ccc(C=O)c(I)c1OC,82.0,1.1883837141090154
COc1ccc(C=O)c(OC(F)(F)F)c1,97.0,1.3879726066972542
COc1ccc(C=O)c(OC)n1,87.5,1.254684715944833
COc1ccc(C=O)c([N+](=O)[O-])c1,24.5,1.0424183450746618
COc1ccc(C=O)c([N+](=O)[O-])c1OC,81.0,1.3879726066972542
COc1ccc(C=O)c2ccccc12,55.0,1.3879726066972542
COc1ccc(C=O)cc1Br,96.0,1.351682448361478
COc1ccc(C=O)cc1C(F)(F)F,95.5,1.1870088832534322
COc1ccc(C=O)cc1Cl,93.5,1.3879726066972542
COc1ccc(C=O)cc1F,95.5,1.2696356012770242
COc1ccc(C=O)cc1I,94.5,1.3879726066972542
COc1ccc(C=O)cc1OC1CCCC1,56.0,1.3635649667269656
COc1ccc(C=O)cc1OCc1c(C)cccc1C,55.0,1.3879726066972542
COc1ccc(C=O)cc1[N+](=O)[O-],89.5,0.9907252850306424
COc1ccc(C=O)cn1,97.5,1.2387019432974515
COc1ccc(C=O)nc1Br,64.0,1.3879726066972542
COc1ccc(C=O)nc1OC,73.0,1.3879726066972542
COc1ccc(C=O)s1,11.0,0.6422932433046077
COc1ccc(Cl)c(C=O)c1,98.5,0.9325062069773389
COc1ccc(Cl)c(C=O)c1F,99.0,1.3879726066972542
COc1ccc(Cl)c(F)c1C=O,97.0,1.3879726066972542
COc1ccc(Cl)cc1C=O,98.5,1.3879726066972542
COc1ccc(F)c(C=O)c1Br,99.0,1.3879726066972542
COc1ccc(F)c(C=O)c1Cl,99.0,1.3879726066972542
COc1ccc(F)c(C=O)c1F,98.5,1.3879726066972542
COc1ccc(F)c(C=O)c1OC,99.0,1.1109847771625294
COc1ccc(F)c(F)c1C=O,91.5,1.3879726066972542
COc1ccc(F)cc1C=O,98.0,1.3879726066972542
COc1ccc(I)cc1C=O,99.0,1.3879726066972542
COc1ccc(OC)c(C=O)c1,90.0,1.3879726066972542
COc1ccc(Oc2ccccc2C=O)cc1,95.0,1.3879726066972542
COc1ccc([N+](=O)[O-])c(C=O)c1,66.0,0.6939863033486271
COc1ccc([N+](=O)[O-])cc1C=O,97.0,1.3635649667269656
COc1ccc2c(OC)ccc(C=O)c2c1,21.0,1.3879726066972542
COc1ccc2c(c1)c(C=O)cn2C(=O)OC(C)(C)C,67.0,1.3879726066972542
COc1ccc2cc(C=O)sc2c1,98.0,1.3879726066972542
COc1ccc2cccc(C=O)c2c1,40.0,1.3879726066972542
COc1ccc2oc(C=O)cc2c1,99.0,1.1512985958567943
COc1cccc(-c2ccc(C=O)cc2)c1,63.0,1.3879726066972542
COc1cccc(Br)c1C=O,67.0,1.3879726066972542
COc1cccc(C)c1C=O,68.5,1.3879726066972542
COc1cccc(C=O)c1Br,93.0,1.2055514423795428
COc1cccc(C=O)c1C,86.5,1.3879726066972542
COc1cccc(C=O)c1C(F)(F)F,43.333333333333336,1.3879726066972544
COc1cccc(C=O)c1F,98.0,1.3635649667269656
COc1cccc(C=O)c1OC,83.0,1.3879726066972542
COc1cccc(C=O)c1OCC1CC1,71.0,1.3879726066972542
COc1cccc(C=O)c1OCc1ccccc1,84.0,1.3879726066972542
COc1cccc(C=O)c1[N+](=O)[O-],99.0,1.3879726066972542
COc1cccc(COc2cccc(C=O)c2)c1,96.5,1.3879726066972542
COc1cccc(Cl)c1C=O,62.0,1.3879726066972542
COc1cccc(F)c1C=O,92.5,1.3879726066972542
COc1ccccc1-c1cccc(C=O)c1,97.0,1.3879726066972542
COc1ccccc1C=O,93.5,1.3879726066972542
COc1ccccc1Oc1cccc(C=O)c1,98.0,1.3879726066972542
COc1cccnc1C=O,84.0,1.3879726066972542
COc1ccnc(C=O)c1,92.5,0.6422932433046077
COc1ccnc(Cl)c1C=O,34.0,1.3879726066972542
COc1ccncc1C=O,73.0,1.3879726066972542
COc1ccoc1C=O,59.0,1.3879726066972542
COc1ccsc1C=O,22.0,1.2227191706500702
COc1cnc(C=O)cc1Br,99.0,0.5090053525521866
COc1cncc(C=O)c1,96.0,0.9015725489977663
COc1cncc(OC)c1C=O,69.0,1.3879726066972542
COc1cnccc1C=O,97.5,1.3879726066972542
COc1nc(Br)ccc1C=O,98.0,1.0424183450746618
COc1nc(Cl)ccc1C=O,95.5,1.3879726066972542
COc1ncc(Br)cc1C=O,99.0,1.3879726066972542
COc1ncc(C2CC2)cc1C=O,97.0,1.1870088832534322
COc1ncc(C=O)cc1Br,88.0,1.3879726066972542
COc1ncc(C=O)cc1C,97.0,1.1109847771625294
COc1ncc(C=O)cc1Cl,99.0,1.1883837141090154
COc1ncc(F)cc1C=O,99.0,1.0846546504805836
COc1nccc(C=O)c1Cl,99.0,1.1883837141090154
COc1nccc(C=O)c1OC,98.0,1.3879726066972542
COc1nccc(I)c1C=O,79.0,1.3879726066972542
COc1ncccc1C=O,92.0,1.3879726066972542
CS(=O)(=O)c1cc(C=O)ccc1F,63.0,0.6422932433046077
CS(=O)(=O)c1cc(C=O)ccn1,62.0,0.7456793633926465
CS(=O)(=O)c1cc(N2CCOCC2)ccc1C=O,13.0,1.1109847771625294
CS(=O)(=O)c1ccc(C=O)c(F)c1,68.0,1.3879726066972542
CS(=O)(=O)c1ccc(C=O)cc1Br,99.0,1.1883837141090154
CS(=O)(=O)c1ccc(C=O)cc1F,99.0,1.3126748825968737
CS(=O)(=O)c1ccc(F)cc1C=O,38.0,1.1109847771625294
CS(=O)(=O)c1cccc(C=O)c1,57.0,0.9597916270510698
CS(=O)(=O)c1cccc(C=O)n1,44.0,1.3879726066972542
CS(=O)(=O)c1ncccc1C=O,36.0,1.3126748825968737
CSc1ccc(C=O)c(C(F)(F)F)c1,81.5,1.3879726066972542
CSc1ccc(C=O)s1,96.0,1.1109847771625294
CSc1cccc(C=O)c1,98.0,1.3126748825968737
CSc1ccccc1C=O,98.5,1.3879726066972542
C[Si](C)(C)C#Cc1ccc2cc(C=O)ccc2c1,98.0,1.3879726066972542
C[Si](C)(C)CCOCn1c(C=O)cc(Br)c1-c1ccccc1,72.0,1.3879726066972542
Cc1c(Br)cccc1C=O,98.0,1.3879726066972542
Cc1c(C)c(C)c(C=O)c(C)c1C,25.0,1.3879726066972542
Cc1c(C=O)ccc(F)c1F,69.5,1.3879726066972542
Cc1c(C=O)cccc1-c1ccccc1,70.5,1.3879726066972542
Cc1c(C=O)cccc1C(F)(F)F,32.0,1.3879726066972542
Cc1c(C=O)cccc1[N+](=O)[O-],98.0,1.339157326756677
Cc1c(C=O)ccnc1Cl,99.0,1.254684715944833
Cc1c(C=O)oc2ccccc12,99.0,1.3879726066972542
Cc1c(C=O)sc2ccccc12,96.5,1.3879726066972542
Cc1c(Cl)cccc1C=O,90.5,1.3879726066972542
Cc1c(F)cc(C=O)cc1Br,98.0,1.3879726066972542
Cc1c(F)cc(C=O)cc1F,98.0,1.3879726066972542
Cc1c(F)ccc(F)c1C=O,99.0,1.3879726066972542
Cc1c(F)ccc2cc(C=O)n(C)c12,93.0,1.3879726066972542
Cc1c(F)cccc1C=O,91.5,1.3879726066972542
Cc1c(I)cc(C=O)cc1I,96.0,1.3879726066972542
Cc1c2ccccc2c(C=O)c2ccccc12,83.0,1.3879726066972542
Cc1cc(Br)c(C=O)c(Br)c1,94.0,1.3879726066972542
Cc1cc(Br)c(C=O)cc1[N+](=O)[O-],98.5,1.0668259850449504
Cc1cc(Br)c(C=O)s1,99.0,1.3384412262815764
Cc1cc(Br)c(F)cc1C=O,98.0,1.3879726066972542
Cc1cc(Br)cc(C)c1C=O,94.0,1.3879726066972542
Cc1cc(Br)cc(C=O)c1,99.0,1.3879726066972542
Cc1cc(Br)cc(C=O)n1,99.0,1.3879726066972542
Cc1cc(Br)ccc1C=O,92.5,1.3879726066972542
Cc1cc(Br)sc1C=O,52.0,1.3879726066972542
Cc1cc(C(F)(F)F)ccc1C=O,53.5,1.3879726066972542
Cc1cc(C)c(C=O)cc1C,79.5,1.3879726066972542
Cc1cc(C)c(C=O)cn1,83.0,1.3879726066972542
Cc1cc(C)c2cc(C=O)c(Cl)nc2c1,98.0,0.5090053525521866
Cc1cc(C=O)c(C)cc1Br,96.5,1.3879726066972542
Cc1cc(C=O)c(C)s1,87.0,1.3879726066972542
Cc1cc(C=O)c(Cl)cn1,99.0,1.0668259850449504
Cc1cc(C=O)c(Cl)nc1-c1ccccc1,99.0,0.6422932433046077
Cc1cc(C=O)c(F)cc1Br,99.0,1.2696356012770242
Cc1cc(C=O)cc(C(F)(F)F)c1,92.5,1.3879726066972542
Cc1cc(C=O)cc(C)c1Cl,98.0,1.1883837141090154
Cc1cc(C=O)cc(C)c1F,91.0,1.3879726066972542
Cc1cc(C=O)cc(C)n1,98.0,1.3879726066972542
Cc1cc(C=O)cc(F)c1F,96.5,1.3879726066972542
Cc1cc(C=O)cc([N+](=O)[O-])c1,98.0,1.0424183450746618
Cc1cc(C=O)ccc1Cl,98.0,1.2986306846030446
Cc1cc(C=O)ccc1F,95.0,1.3879726066972542
Cc1cc(C=O)ccc1[N+](=O)[O-],33.5,1.3879726066972542
Cc1cc(C=O)ccn1,99.0,1.3879726066972542
Cc1cc(C=O)cnc1F,97.0,1.0668259850449504
Cc1cc(C=O)cs1,90.0,1.3879726066972542
Cc1cc(C=O)sc1Br,95.0,1.324397028287747
Cc1cc(Cl)c(C=O)c(Cl)c1,62.5,1.3635649667269656
Cc1cc(Cl)c(C=O)c(Cl)n1,87.0,1.3879726066972542
Cc1cc(Cl)c(Cl)cc1C=O,98.0,1.3879726066972542
Cc1cc(Cl)cc(C)c1C=O,95.0,1.3879726066972542
Cc1cc(Cl)cc(C=O)c1,99.0,1.3879726066972542
Cc1cc(Cl)cc(C=O)n1,99.0,1.3879726066972542
Cc1cc(Cl)nc(Cl)c1C=O,99.0,1.3879726066972542
Cc1cc(Cl)ncc1C=O,96.5,1.3879726066972542
Cc1cc(F)c(C=O)c(Br)c1,99.0,1.3879726066972542
Cc1cc(F)c(C=O)c(F)c1,99.0,1.3879726066972542
Cc1cc(F)c(C=O)cc1Br,99.0,1.3760900883317666
Cc1cc(F)cc(C)c1C=O,79.5,1.3879726066972542
Cc1cc(F)cc(C=O)c1,97.0,1.3879726066972542
Cc1cc(F)ccc1C=O,86.5,1.3879726066972542
Cc1cc(F)ncc1C=O,97.0,1.3879726066972542
Cc1cc(I)c(C=O)cc1C,92.0,1.2215342150269244
Cc1ccc(-c2ccc(C=O)cc2)cc1,97.0,1.3879726066972542
Cc1ccc(-c2ccc(C=O)cn2)cc1,86.0,1.1512985958567943
Cc1ccc(-c2cccc(C=O)c2)cc1,97.0,1.3879726066972542
Cc1ccc(-c2cncc(C=O)c2)cc1,99.0,1.254684715944833
Cc1ccc(-n2cccn2)c(C=O)c1,83.0,1.2227191706500702
Cc1ccc(Br)c(C=O)c1,99.0,1.1870088832534322
Cc1ccc(Br)c(C=O)c1F,99.0,1.3879726066972542
Cc1ccc(Br)c(C=O)n1,94.0,1.3879726066972542
Cc1ccc(Br)cc1C=O,98.0,1.3879726066972542
Cc1ccc(C(F)(F)F)cc1C=O,57.5,1.3879726066972542
Cc1ccc(C=O)c(Br)n1,99.0,1.131141686509662
Cc1ccc(C=O)c(C)c1,72.5,1.3879726066972542
Cc1ccc(C=O)c(C)c1Br,75.5,1.3879726066972542
Cc1ccc(C=O)c(Cl)c1,95.0,1.3879726066972542
Cc1ccc(C=O)c(Cl)c1Cl,89.0,1.0668259850449504
Cc1ccc(C=O)c(Cl)n1,91.0,0.9634398649569116
Cc1ccc(C=O)c(F)c1,98.5,1.3879726066972542
Cc1ccc(C=O)c(F)c1F,98.0,1.3879726066972542
Cc1ccc(C=O)c(OCc2ccccc2)c1,89.5,1.3879726066972542
Cc1ccc(C=O)c([N+](=O)[O-])c1,29.5,1.3879726066972542
Cc1ccc(C=O)c2ccccc12,95.5,1.3879726066972542
Cc1ccc(C=O)cc1Br,99.0,1.3760900883317666
Cc1ccc(C=O)cc1C,90.0,1.3879726066972542
Cc1ccc(C=O)cc1Cl,98.5,1.3879726066972542
Cc1ccc(C=O)cc1F,97.0,1.3879726066972542
Cc1ccc(C=O)cc1I,98.0,1.364207569966279
Cc1ccc(C=O)cc1OCc1ccccc1,87.0,1.339157326756677
Cc1ccc(C=O)cc1[N+](=O)[O-],97.0,1.3879726066972542
Cc1ccc(C=O)cn1,97.5,1.3879726066972542
Cc1ccc(C=O)nc1,92.0,1.2696356012770242
Cc1ccc(C=O)o1,96.5,1.3879726066972542
Cc1ccc(C=O)s1,82.0,1.3879726066972542
Cc1ccc(COc2cccc(C=O)c2)cc1,97.0,1.3879726066972542
Cc1ccc(Cl)c(C=O)c1F,99.0,1.3879726066972542
Cc1ccc(Cl)c(C=O)n1,98.0,1.3879726066972542
Cc1ccc(Cl)cc1C=O,95.5,1.3879726066972542
Cc1ccc(F)c(C=O)c1,99.0,1.3879726066972542
Cc1ccc(F)c(C=O)c1Br,56.5,1.3213286613210435
Cc1ccc(F)c(C=O)c1F,99.0,1.3879726066972542
Cc1ccc(F)c(F)c1C=O,95.0,1.3879726066972542
Cc1ccc(F)cc1C=O,91.5,1.3879726066972542
Cc1ccc(I)c(C=O)c1,99.0,1.0668259850449504
Cc1ccc(OC(C)C)c(C=O)c1,86.0,1.3879726066972542
Cc1ccc(S(=O)(=O)n2ccc3c(C=O)cccc32)cc1,98.0,1.3879726066972542
Cc1ccc([N+](=O)[O-])cc1C=O,80.5,1.2696356012770242
Cc1ccc2c(c1)cc(C=O)n2C,94.0,1.3879726066972542
Cc1ccc2nc(C=O)cn2c1,65.0,0.7456793633926465
Cc1cccc(-c2ccc(C=O)cc2)c1,97.0,1.3879726066972542
Cc1cccc(-c2ccc(C=O)cn2)c1C,35.0,1.2845864866092154
Cc1cccc(-c2cccc(C=O)c2)c1,92.5,1.3879726066972542
Cc1cccc(Br)c1C=O,99.0,1.3879726066972544
Cc1cccc(C=O)c1Br,99.0,1.351682448361478
Cc1cccc(C=O)c1C,80.0,1.3879726066972542
Cc1cccc(C=O)c1Cl,92.0,1.254684715944833
Cc1cccc(C=O)c1F,95.0,1.3879726066972542
Cc1cccc(C=O)c1[N+](=O)[O-],99.0,1.3879726066972542
Cc1cccc(C=O)n1,91.0,1.3879726066972542
Cc1cccc(COc2ccccc2C=O)c1,93.0,1.364207569966279
Cc1cccc(Cl)c1C=O,99.0,1.3879726066972542
Cc1cccc(F)c1C=O,94.5,1.3879726066972542
Cc1cccc([N+](=O)[O-])c1C=O,93.0,1.3879726066972542
Cc1cccc2cccc(C=O)c12,12.0,1.3879726066972542
Cc1ccccc1-c1ccc(C=O)cc1,98.0,1.3475074078265443
Cc1cccn2c(C=O)cnc12,45.0,1.3879726066972542
Cc1cccnc1C=O,39.0,1.3879726066972542
Cc1ccnc(C=O)c1,88.0,1.131141686509662
Cc1ccnc(F)c1C=O,98.0,1.3879726066972542
Cc1ccncc1C=O,88.5,1.3879726066972542
Cc1ccsc1C=O,61.0,0.6695786633783385
Cc1cnc(C=O)c(F)c1,98.0,1.3879726066972542
Cc1cnc(C=O)cc1Br,98.0,0.9634398649569116
Cc1cnc(Cl)c(C=O)c1,99.0,1.1109847771625294
Cc1cnc(F)c(C=O)c1,99.0,1.1512985958567943
Cc1cnccc1C=O,99.0,1.3879726066972542
Cc1csc(C=O)c1Cl,99.0,1.1109847771625294
Cc1nc(C=O)ccc1F,94.0,1.3879726066972542
Cc1nc(Cl)c(C=O)cc1Br,99.0,1.0668259850449504
Cc1nc(Cl)cc(Cl)c1C=O,99.0,1.3879726066972542
Cc1nc(Cl)ccc1C=O,97.5,1.339157326756677
Cc1nc(F)ccc1C=O,98.0,1.3879726066972542
Cc1ncc(C=O)cc1Br,96.0,1.1512985958567943
Cc1ncc(Cl)cc1C=O,98.0,1.3879726066972544
Cc1ncccc1C=O,97.0,1.3879726066972542
Cc1nccnc1C=O,40.0,1.3879726066972542
Cc1sc(C=O)cc1Br,98.0,1.253652828629643
Cc1sc2ccccc2c1C=O,96.0,1.3879726066972542
Cn1c(Br)ccc1C=O,31.0,1.3879726066972542
Cn1c(C=O)nc2ccccc21,85.0,1.3879726066972542
Cn1c(Cl)c(C=O)c2ccccc21,14.0,1.2227191706500702
Cn1c2ccccc2c2cc(C=O)ccc21,44.0,1.3879726066972542
Cn1cc(Br)nc1C=O,85.0,1.3879726066972542
Cn1cc(C=O)c(-c2ccccc2)n1,34.0,1.0668259850449504
Cn1ccc2ccc(C=O)cc21,45.0,1.1870088832534322
Cn1ccc2cccc(C=O)c21,53.0,1.3879726066972542
Cn1nc(-c2ccccc2)c(C=O)c1Cl,88.5,1.3879726066972542
Cn1nc2ccccc2c1C=O,83.0,1.3879726066972542
Cn1nccc1-c1ccc(C=O)cc1,98.0,1.1883837141090154
O=Cc1c(Br)cc(Br)cc1Br,99.0,1.3879726066972542
O=Cc1c(Br)cc(F)c(F)c1F,99.0,1.3879726066972542
O=Cc1c(Br)cc(F)cc1Br,92.5,1.3879726066972542
O=Cc1c(Br)ccc(Cl)c1F,99.0,1.3879726066972542
O=Cc1c(Br)ccc(F)c1Cl,99.0,1.3879726066972542
O=Cc1c(Br)ccc(F)c1F,99.0,1.3879726066972542
O=Cc1c(Br)ccc2c1OCO2,50.0,1.3879726066972542
O=Cc1c(Br)ccc2ccccc12,99.0,1.3879726066972542
O=Cc1c(Br)cccc1OC(F)F,68.0,1.3879726066972542
O=Cc1c(Br)ccnc1Cl,99.0,1.3879726066972542
O=Cc1c(Br)ccnc1F,99.0,1.3879726066972542
O=Cc1c(Br)cncc1Br,98.0,1.3879726066972542
O=Cc1c(C(F)(F)F)ccc(Cl)c1Cl,79.5,0.9325062069773389
O=Cc1c(C(F)(F)F)cnc2ccccc12,93.0,1.3879726066972542
O=Cc1c(C(F)(F)F)nn(-c2ccccc2)c1Cl,99.0,1.3879726066972542
O=Cc1c(Cl)cc(Br)cc1Cl,97.5,1.3879726066972542
O=Cc1c(Cl)cc(Cl)cc1Cl,99.0,1.3879726066972542
O=Cc1c(Cl)cc(F)cc1Br,70.0,1.3879726066972542
O=Cc1c(Cl)cc(F)cc1Cl,88.5,1.3879726066972542
O=Cc1c(Cl)ccc(Br)c1F,99.0,1.3879726066972542
O=Cc1c(Cl)ccc(Cl)c1Cl,99.0,1.3879726066972542
O=Cc1c(Cl)ccc(F)c1Cl,99.0,1.3879726066972544
O=Cc1c(Cl)ccc(F)c1F,99.0,1.3879726066972542
O=Cc1c(Cl)cccc1Br,99.0,1.3879726066972542
O=Cc1c(Cl)cccc1Cl,99.0,1.3879726066972542
O=Cc1c(Cl)cccc1I,99.0,1.3879726066972542
O=Cc1c(Cl)cccc1[N+](=O)[O-],98.0,1.3879726066972542
O=Cc1c(Cl)ccnc1Br,99.0,1.3879726066972542
O=Cc1c(Cl)ccnc1Cl,99.0,1.3879726066972542
O=Cc1c(Cl)cncc1Cl,98.0,1.3879726066972542
O=Cc1c(F)c(F)c(Br)c(F)c1F,98.0,1.3879726066972542
O=Cc1c(F)c(F)cc(F)c1F,95.0,1.3879726066972542
O=Cc1c(F)cc(Br)c(F)c1F,99.0,1.3879726066972542
O=Cc1c(F)cc(Br)cc1Br,99.0,1.3879726066972542
O=Cc1c(F)cc(Br)cc1F,99.0,1.3879726066972542
O=Cc1c(F)cc(Cl)cc1Br,99.0,1.3879726066972542
O=Cc1c(F)cc(Cl)cc1Cl,99.0,1.3879726066972542
O=Cc1c(F)cc(Cl)cc1F,99.0,1.3879726066972542
O=Cc1c(F)cc(F)cc1F,98.0,1.3879726066972542
O=Cc1c(F)cc(I)cc1F,99.0,1.3879726066972542
O=Cc1c(F)cc([N+](=O)[O-])cc1F,93.0,1.3879726066972542
O=Cc1c(F)ccc(Br)c1Cl,99.0,1.3879726066972542
O=Cc1c(F)ccc(Br)c1F,99.0,1.3879726066972542
O=Cc1c(F)ccc(Cl)c1Br,99.0,1.3879726066972542
O=Cc1c(F)ccc(Cl)c1Cl,99.0,1.3879726066972542
O=Cc1c(F)ccc(Cl)c1F,99.0,1.3879726066972542
O=Cc1c(F)ccc(F)c1Br,99.0,1.3879726066972542
O=Cc1c(F)ccc(F)c1Cl,99.0,1.3879726066972542
O=Cc1c(F)ccc(F)c1F,99.0,1.3879726066972542
O=Cc1c(F)ccc2occc12,99.0,1.3879726066972542
O=Cc1c(F)cccc1Br,99.0,1.3879726066972542
O=Cc1c(F)cccc1C(F)(F)F,87.5,1.3879726066972542
O=Cc1c(F)cccc1Cl,99.0,1.3879726066972542
O=Cc1c(F)cccc1I,98.5,1.3879726066972542
O=Cc1c(F)cccc1OC(F)(F)F,99.0,1.3879726066972542
O=Cc1c(F)cccc1OC(F)F,82.0,1.3879726066972542
O=Cc1c(F)cncc1F,87.0,1.3879726066972542
O=Cc1c(I)cc(Cl)nc1Cl,98.0,0.9634398649569116
O=Cc1c(I)ccnc1Cl,99.0,1.3879726066972542
O=Cc1c(I)ccnc1F,99.0,1.3879726066972542
O=Cc1c([N+](=O)[O-])cccc1[N+](=O)[O-],85.0,1.3879726066972542
O=Cc1cc(-c2ccccc2)c(Br)s1,16.0,1.1512985958567943
O=Cc1cc(Br)c(-c2ccccc2)o1,99.0,1.3126748825968737
O=Cc1cc(Br)c(F)cc1Br,99.0,1.3879726066972542
O=Cc1cc(Br)c(F)cc1Cl,99.0,1.339157326756677
O=Cc1cc(Br)c(F)cc1F,99.0,1.3879726066972542
O=Cc1cc(Br)c(F)cc1[N+](=O)[O-],60.5,0.8967959195807009
O=Cc1cc(Br)c2c(c1)CCO2,94.0,1.1883837141090154
O=Cc1cc(Br)c2ccccc2c1,99.0,1.3879726066972542
O=Cc1cc(Br)cc(Br)c1,99.0,1.3879726066972542
O=Cc1cc(Br)cc(Br)c1F,99.0,1.3879726066972542
O=Cc1cc(Br)cc(C(F)(F)F)c1,93.5,1.3879726066972542
O=Cc1cc(Br)cc(F)c1F,99.0,1.3635649667269656
O=Cc1cc(Br)cc(I)c1,99.0,1.3879726066972542
O=Cc1cc(Br)cc(OCc2ccccc2)c1,99.0,1.1109847771625294
O=Cc1cc(Br)cc([N+](=O)[O-])c1,96.0,1.0668259850449504
O=Cc1cc(Br)ccc1Br,99.0,1.3879726066972542
O=Cc1cc(Br)ccc1Cl,99.0,1.3879726066972542
O=Cc1cc(Br)ccc1F,99.0,1.3879726066972542
O=Cc1cc(Br)ccc1I,99.0,1.2387019432974515
O=Cc1cc(Br)ccc1N1CCOCC1,54.0,1.3879726066972542
O=Cc1cc(Br)ccc1OC(F)(F)F,99.0,1.3879726066972542
O=Cc1cc(Br)ccc1OCc1ccccc1,92.5,0.41507598710224525
O=Cc1cc(Br)ccn1,99.0,1.1109847771625294
O=Cc1cc(Br)cnc1Br,99.0,0.8019944372672091
O=Cc1cc(Br)co1,99.0,1.1883837141090154
O=Cc1cc(Br)ncc1Cl,91.0,0.7456793633926465
O=Cc1cc(Br)sc1Br,98.0,1.3879726066972542
O=Cc1cc(C(F)(F)F)cc(Cl)c1F,99.0,1.2055514423795428
O=Cc1cc(C(F)(F)F)ccc1Br,99.0,1.1090622904508725
O=Cc1cc(C(F)(F)F)ccc1C(F)(F)F,98.5,1.2696356012770242
O=Cc1cc(C(F)(F)F)ccc1Cl,99.0,1.3126748825968737
O=Cc1cc(C(F)(F)F)ccc1F,98.0,1.3879726066972542
O=Cc1cc(Cl)c(Cl)c(Cl)c1,96.0,1.3126748825968737
O=Cc1cc(Cl)c(Cl)cc1Cl,95.0,1.3879726066972542
O=Cc1cc(Cl)c(Cl)cc1F,91.0,0.32114662165230384
O=Cc1cc(Cl)c(Cl)cc1[N+](=O)[O-],53.0,0.9015725489977663
O=Cc1cc(Cl)c(F)c(Cl)c1,98.0,1.254684715944833
O=Cc1cc(Cl)c2c(c1)OCCCO2,98.0,1.339157326756677
O=Cc1cc(Cl)cc(Br)c1,99.0,1.3879726066972542
O=Cc1cc(Cl)cc(Br)c1F,99.0,1.3879726066972544
O=Cc1cc(Cl)cc(C(F)(F)F)c1,98.5,1.3879726066972542
O=Cc1cc(Cl)cc(Cl)c1,99.0,1.3879726066972542
O=Cc1cc(Cl)cc(Cl)c1Cl,99.0,1.1512985958567943
O=Cc1cc(Cl)cc(Cl)c1F,99.0,1.3879726066972542
O=Cc1cc(Cl)cc(Cl)c1[N+](=O)[O-],99.0,1.3879726066972542
O=Cc1cc(Cl)cc(OC(F)(F)F)c1,97.0,1.3879726066972542
O=Cc1cc(Cl)ccc1Br,99.0,1.2934633703081746
O=Cc1cc(Cl)ccc1C(F)(F)F,99.0,1.3760900883317666
O=Cc1cc(Cl)ccc1F,99.0,1.3879726066972542
O=Cc1cc(Cl)ccc1OC(F)F,99.0,1.3879726066972542
O=Cc1cc(Cl)ccc1OCc1ccccc1,99.0,1.3879726066972542
O=Cc1cc(Cl)ccc1[N+](=O)[O-],95.0,1.3259161046767753
O=Cc1cc(Cl)ccn1,99.0,0.9015725489977663
O=Cc1cc(Cl)cnc1Cl,98.5,0.8658622616011283
O=Cc1cc(Cl)cnc1F,99.0,1.1109847771625294
O=Cc1cc(Cl)cs1,99.0,1.0668259850449504
O=Cc1cc(Cl)ncc1C(F)(F)F,63.0,0.5090053525521866
O=Cc1cc(Cl)ncc1F,95.0,0.7456793633926465
O=Cc1cc(Cl)sc1Cl,98.0,1.3879726066972542
O=Cc1cc(F)c(Br)c(F)c1,98.0,1.2387019432974515
O=Cc1cc(F)c(Br)cc1Cl,99.0,1.3879726066972542
O=Cc1cc(F)c(Br)cc1F,99.0,1.364207569966279
O=Cc1cc(F)c(Cl)c(Cl)c1,99.0,1.1109847771625294
O=Cc1cc(F)c(Cl)c(F)c1,98.0,1.131141686509662
O=Cc1cc(F)c(Cl)cc1Cl,99.0,1.350323744647064
O=Cc1cc(F)c(Cl)cc1F,99.0,1.3879726066972542
O=Cc1cc(F)c(Cl)nc1Cl,53.0,0.32114662165230384
O=Cc1cc(F)c(F)c(Cl)c1F,99.0,1.050554225064758
O=Cc1cc(F)c(F)c(F)c1,98.0,1.1883837141090154
O=Cc1cc(F)c(F)c(F)c1F,85.0,1.08890538110374
O=Cc1cc(F)c(F)cc1Br,99.0,1.2845864866092154
O=Cc1cc(F)c(F)cc1Cl,98.5,1.3879726066972542
O=Cc1cc(F)c(I)c(F)c1,88.0,1.3879726066972542
O=Cc1cc(F)c(OC(F)(F)F)c(F)c1,99.0,1.3126748825968737
O=Cc1cc(F)cc(Br)c1,99.0,1.3879726066972542
O=Cc1cc(F)cc(Br)c1Cl,99.0,1.1109847771625294
O=Cc1cc(F)cc(Br)c1F,99.0,1.364207569966279
O=Cc1cc(F)cc(C(F)(F)F)c1,95.0,1.3879726066972542
O=Cc1cc(F)cc(Cl)c1,98.0,1.324397028287747
O=Cc1cc(F)cc(F)c1Br,99.0,1.1828347465536813
O=Cc1cc(F)cc(F)c1[N+](=O)[O-],97.0,0.32114662165230384
O=Cc1cc(F)cc(I)c1,99.0,1.350323744647064
O=Cc1cc(F)cc(OC(F)(F)F)c1,98.0,1.3879726066972542
O=Cc1cc(F)cc([N+](=O)[O-])c1,98.0,0.8658622616011283
O=Cc1cc(F)cc2c1OCCC2,93.0,1.3879726066972542
O=Cc1cc(F)ccc1Br,99.0,1.1870088832534322
O=Cc1cc(F)ccc1Cl,99.0,1.364207569966279
O=Cc1cc(F)ccc1F,98.5,1.3879726066972542
O=Cc1cc(F)ccc1I,94.0,1.2696356012770242
O=Cc1cc(F)ccc1OCc1ccccc1,95.0,1.3126748825968737
O=Cc1cc(F)ccc1[N+](=O)[O-],96.0,1.1512985958567943
O=Cc1cc(F)ccn1,99.0,0.8301519742044904
O=Cc1cc(I)cc(I)c1,99.0,1.3384412262815764
O=Cc1cc(I)ccc1Br,99.0,1.3213286613210435
O=Cc1cc(I)ccc1Cl,99.0,1.3879726066972542
O=Cc1cc(I)ccc1F,98.5,1.3879726066972542
O=Cc1cc(I)cs1,99.0,1.1109847771625294
O=Cc1cc(OC(F)(F)F)ccc1Br,88.0,1.1512985958567943
O=Cc1cc(OC(F)(F)F)ccc1F,99.0,1.3879726066972542
O=Cc1cc(OCc2ccccc2)cc(OCc2ccccc2)c1,97.0,0.8658622616011283
O=Cc1cc(OCc2ccccc2)ccc1Br,85.0,0.9240813396544318
O=Cc1cc([N+](=O)[O-])ccc1Br,98.0,0.8967959195807009
O=Cc1cc([N+](=O)[O-])ccc1Cl,98.5,0.9907252850306424
O=Cc1cc([N+](=O)[O-])ccc1F,97.5,1.0668259850449504
O=Cc1cc2c(Br)cccc2s1,99.0,1.0668259850449504
O=Cc1cc2c(cc1Br)OCO2,98.5,1.3259161046767753
O=Cc1cc2c(cc1Cl)OCO2,89.0,1.2845864866092154
O=Cc1cc2c(s1)CCC2,63.0,1.3879726066972542
O=Cc1cc2cc(Br)ccc2nc1Cl,66.0,0.6422932433046077
O=Cc1cc2cc(Br)ccc2s1,99.0,1.254684715944833
O=Cc1cc2cc(Cl)ccc2nc1Cl,70.0,0.7456793633926465
O=Cc1cc2cc(Cl)ccc2s1,99.0,1.339157326756677
O=Cc1cc2cc(F)c(F)cc2nc1Cl,83.0,0.5090053525521866
O=Cc1cc2cc(F)ccc2nc1Cl,96.0,0.9015725489977663
O=Cc1cc2ccc(Br)cc2nc1Cl,98.0,0.7456793633926465
O=Cc1cc2ccc(Br)cc2s1,99.0,1.254684715944833
O=Cc1cc2ccc(Cl)cc2nc1Cl,99.0,0.8301519742044904
O=Cc1cc2ccc(F)cc2o1,99.0,1.0180107051043732
O=Cc1cc2ccc(OC(F)(F)F)cc2nc1Cl,96.0,0.8301519742044904
O=Cc1cc2cccc(Cl)c2s1,99.0,1.3879726066972542
O=Cc1cc2ccccc2cn1,92.0,0.9015725489977663
O=Cc1cc2ccccc2n1CC1CC1,69.0,1.3879726066972542
O=Cc1cc2ccccc2nc1Cl,98.0,1.0644977411334513
O=Cc1cc2ccccc2o1,99.0,1.2387019432974515
O=Cc1cc2ccccc2s1,99.0,1.3879726066972542
O=Cc1cc2cccnc2s1,99.0,1.254684715944833
O=Cc1cc2cncc(I)c2o1,64.0,0.9015725489977663
O=Cc1cc2cnccc2s1,98.0,1.3879726066972542
O=Cc1cc2nccc(Cl)c2s1,92.0,1.1883837141090154
O=Cc1cc2ncccc2o1,99.0,0.9634398649569116
O=Cc1ccc(-c2cc(F)cc(F)c2)c(F)c1,96.0,1.1883837141090154
O=Cc1ccc(-c2cc(F)cc(F)c2)nc1,98.0,1.2845864866092154
O=Cc1ccc(-c2ccc(Br)cc2)cc1,97.0,1.1698411549829049
O=Cc1ccc(-c2ccc(Cl)c(C(F)(F)F)c2)o1,70.0,1.0180107051043732
O=Cc1ccc(-c2ccc(Cl)cc2)cc1,97.0,1.3760900883317666
O=Cc1ccc(-c2ccc(Cl)cc2)nc1,98.0,1.254684715944833
O=Cc1ccc(-c2ccc(Cl)cc2)o1,99.0,1.1870088832534322
O=Cc1ccc(-c2ccc(F)c(F)c2)nc1,94.0,1.3879726066972542
O=Cc1ccc(-c2ccc(F)cc2F)nc1,99.0,1.2845864866092154
O=Cc1ccc(-c2ccc([N+](=O)[O-])cc2Cl)o1,15.0,0.6422932433046077
O=Cc1ccc(-c2cccc(Br)c2)cc1,95.0,1.311871906682946
O=Cc1ccc(-c2cccc(C(F)(F)F)c2)o1,99.0,1.1883837141090154
O=Cc1ccc(-c2cccc(C(F)(F)F)c2)s1,99.0,1.254684715944833
O=Cc1ccc(-c2cccc(C(F)(F)F)n2)cc1,98.0,1.3879726066972542
O=Cc1ccc(-c2cccc(Cl)c2)cc1,98.0,1.2845864866092154
O=Cc1ccc(-c2cccc(F)c2)cc1,97.0,1.3717008467170617
O=Cc1ccc(-c2ccccc2)c(Cl)c1,99.0,1.2227191706500702
O=Cc1ccc(-c2ccccc2)nc1,97.0,1.350323744647064
O=Cc1ccc(-c2ccccc2Br)o1,99.0,1.3126748825968737
O=Cc1ccc(-c2ccccc2C(F)(F)F)cc1,98.0,1.3879726066972542
O=Cc1ccc(-c2ccccc2Cl)cc1,94.5,1.3879726066972542
O=Cc1ccc(-c2ccccc2F)cc1,95.0,1.3879726066972542
O=Cc1ccc(-c2ccccc2F)nc1,99.0,1.1109847771625294
O=Cc1ccc(-c2ccccc2F)o1,94.0,1.3879726066972542
O=Cc1ccc(-c2ccccc2OC(F)(F)F)nc1,99.0,1.3879726066972542
O=Cc1ccc(-c2ccccc2[N+](=O)[O-])s1,99.0,1.0180107051043732
O=Cc1ccc(-c2ccccn2)cc1,95.5,1.3879726066972542
O=Cc1ccc(-c2ccccn2)nc1,99.0,1.254684715944833
O=Cc1ccc(-c2ccco2)cc1,97.0,1.3879726066972542
O=Cc1ccc(-c2ccco2)o1,99.0,1.1512985958567943
O=Cc1ccc(-c2cccs2)cc1,97.0,1.2969210213507552
O=Cc1ccc(-c2ccncc2)cc1,74.5,1.3879726066972542
O=Cc1ccc(-c2cnccc2F)cn1,96.0,0.9015725489977663
O=Cc1ccc(-n2c3ccccc3c3ccccc32)cc1,97.0,1.2055514423795428
O=Cc1ccc(Br)c(Br)c1,98.0,1.3879726066972542
O=Cc1ccc(Br)c(Br)c1F,99.0,1.3879726066972542
O=Cc1ccc(Br)c(C(F)(F)F)c1,99.0,1.324397028287747
O=Cc1ccc(Br)c(Cl)c1,99.0,1.3879726066972542
O=Cc1ccc(Br)c(Cl)c1Cl,99.0,1.1883837141090154
O=Cc1ccc(Br)c(F)c1,99.0,1.3879726066972542
O=Cc1ccc(Br)c(F)c1F,99.0,1.364207569966279
O=Cc1ccc(Br)c(I)c1,98.0,1.3879726066972542
O=Cc1ccc(Br)c(OCc2ccccc2)c1,97.0,0.6422932433046077
O=Cc1ccc(Br)c([N+](=O)[O-])c1,99.0,1.2364851003591153
O=Cc1ccc(Br)c2ccccc12,97.0,1.3879726066972542
O=Cc1ccc(Br)c2cccnc12,86.0,1.0668259850449504
O=Cc1ccc(Br)c2nccnc12,60.0,1.1109847771625294
O=Cc1ccc(Br)cc1,98.5,1.3879726066972542
O=Cc1ccc(Br)cc1Br,99.0,1.3879726066972542
O=Cc1ccc(Br)cc1C(F)(F)F,99.0,1.2696356012770242
O=Cc1ccc(Br)cc1Cl,97.0,1.3879726066972542
O=Cc1ccc(Br)cc1F,99.0,1.3879726066972542
O=Cc1ccc(Br)cc1I,99.0,1.2696356012770242
O=Cc1ccc(Br)cc1N1CCCCC1,24.0,1.3879726066972542
O=Cc1ccc(Br)cc1OC(F)(F)F,99.0,1.3879726066972542
O=Cc1ccc(Br)cc1OC(F)F,99.0,1.3879726066972542
O=Cc1ccc(Br)cn1,96.0,0.9015725489977663
O=Cc1ccc(Br)nc1,99.0,1.3126748825968737
O=Cc1ccc(Br)nc1Br,95.5,0.8301519742044904
O=Cc1ccc(Br)nc1Cl,99.0,0.9015725489977663
O=Cc1ccc(Br)s1,99.0,1.131141686509662
O=Cc1ccc(C(=O)N2CCCC2)cc1,87.0,1.3879726066972542
O=Cc1ccc(C(F)(F)F)c(Br)c1,99.0,1.2696356012770242
O=Cc1ccc(C(F)(F)F)c(Cl)c1,98.0,1.3879726066972542
O=Cc1ccc(C(F)(F)F)c(F)c1,98.5,1.3879726066972542
O=Cc1ccc(C(F)(F)F)c(F)c1F,76.0,0.9634398649569116
O=Cc1ccc(C(F)(F)F)cc1Br,79.0,1.1512985958567943
O=Cc1ccc(C(F)(F)F)cc1C(F)(F)F,51.5,1.0180107051043732
O=Cc1ccc(C(F)(F)F)cc1Cl,98.0,1.2215342150269244
O=Cc1ccc(C(F)(F)F)cc1I,36.5,1.0372123210597204
O=Cc1ccc(C(F)(F)F)cc1[N+](=O)[O-],65.0,0.9634398649569116
O=Cc1ccc(C(F)(F)F)nc1,72.0,1.131141686509662
O=Cc1ccc(C(F)F)cn1,97.0,0.9634398649569116
O=Cc1ccc(C2CC2)cc1,85.0,1.3879726066972542
O=Cc1ccc(C2CCCC2)cc1,91.0,1.3879726066972542
O=Cc1ccc(C2CCCCC2)cc1,93.0,1.3879726066972542
O=Cc1ccc(CN2CCCC2)c(F)c1,94.0,1.3879726066972542
O=Cc1ccc(Cc2ccccc2)cc1,93.0,1.3879726066972542
O=Cc1ccc(Cl)c(Br)c1,98.0,1.3879726066972542
O=Cc1ccc(Cl)c(Br)n1,93.0,0.9634398649569116
O=Cc1ccc(Cl)c(C(F)(F)F)c1,94.5,1.3879726066972542
O=Cc1ccc(Cl)c(Cl)c1,94.0,1.3879726066972542
O=Cc1ccc(Cl)c(Cl)c1F,99.0,1.3126748825968737
O=Cc1ccc(Cl)c(F)c1,99.0,1.2696356012770242
O=Cc1ccc(Cl)c(I)c1,99.0,1.3760900883317666
O=Cc1ccc(Cl)c(OC(F)(F)F)c1,99.0,1.364207569966279
O=Cc1ccc(Cl)c([N+](=O)[O-])c1,98.0,1.2029916559008136
O=Cc1ccc(Cl)cc1Br,99.0,1.3879726066972542
O=Cc1ccc(Cl)cc1C(F)(F)F,46.5,1.2836797992708533
O=Cc1ccc(Cl)cc1Cl,99.0,1.3879726066972542
O=Cc1ccc(Cl)cc1F,99.0,1.3879726066972542
O=Cc1ccc(Cl)cc1OC(F)(F)F,90.0,1.3879726066972542
O=Cc1ccc(Cl)cc1[N+](=O)[O-],49.5,1.3126748825968737
O=Cc1ccc(Cl)cn1,97.0,0.9015725489977663
O=Cc1ccc(Cl)nc1,98.0,1.3879726066972542
O=Cc1ccc(Cl)nc1Br,88.0,0.8301519742044904
O=Cc1ccc(Cl)nc1Cl,99.0,0.8301519742044904
O=Cc1ccc(Cl)o1,99.0,1.3635649667269656
O=Cc1ccc(Cl)s1,99.0,1.254684715944833
O=Cc1ccc(F)c(Br)c1,94.5,1.3879726066972542
O=Cc1ccc(F)c(Br)c1F,99.0,1.3879726066972544
O=Cc1ccc(F)c(C(F)(F)F)c1,95.0,1.3879726066972542
O=Cc1ccc(F)c(C(F)(F)F)c1F,99.0,1.351682448361478
O=Cc1ccc(F)c(Cl)c1,98.0,1.3879726066972542
O=Cc1ccc(F)c(Cl)c1F,98.0,1.3879726066972542
O=Cc1ccc(F)c(F)c1,83.5,1.3879726066972542
O=Cc1ccc(F)c(F)c1Br,99.0,1.2845864866092154
O=Cc1ccc(F)c(F)c1Cl,97.5,1.3879726066972542
O=Cc1ccc(F)c(F)c1F,98.0,1.3879726066972542
O=Cc1ccc(F)c(I)c1,98.5,1.3879726066972542
O=Cc1ccc(F)c(N2CCCC2)c1,84.0,1.3879726066972542
O=Cc1ccc(F)c(OC(F)F)c1,98.0,0.9907252850306424
O=Cc1ccc(F)c(Oc2ccccc2)c1,98.0,1.3760900883317666
O=Cc1ccc(F)c2ccccc12,97.0,1.3879726066972542
O=Cc1ccc(F)c2ccoc12,98.0,1.3879726066972542
O=Cc1ccc(F)cc1Br,99.0,1.3879726066972542
O=Cc1ccc(F)cc1C(F)(F)F,65.0,1.3760900883317666
O=Cc1ccc(F)cc1Cl,98.5,1.3879726066972542
O=Cc1ccc(F)cc1F,97.5,1.3879726066972542
O=Cc1ccc(F)cc1OCc1ccccc1,94.5,1.3760900883317666
O=Cc1ccc(F)cn1,96.5,1.0424183450746618
O=Cc1ccc(F)nc1,97.5,1.3879726066972542
O=Cc1ccc(I)c(F)c1,98.5,1.3760900883317666
O=Cc1ccc(I)c(F)c1F,99.0,1.1668519739063
O=Cc1ccc(I)cc1Br,40.0,0.6695786633783385
O=Cc1ccc(I)o1,98.5,1.3879726066972542
O=Cc1ccc(I)s1,98.0,1.364207569966279
O=Cc1ccc(N(c2ccccc2)c2ccccc2)s1,32.0,0.8301519742044904
O=Cc1ccc(N2CCCC2)nc1,23.0,1.2227191706500702
O=Cc1ccc(N2CCOCC2)c(Br)c1,98.0,1.1883837141090154
O=Cc1ccc(N2CCOCC2)c(Cl)c1,99.0,1.254684715944833
O=Cc1ccc(OC(F)(F)F)c(Br)c1,97.0,1.3879726066972542
O=Cc1ccc(OC(F)(F)F)c(Cl)c1,98.0,1.3879726066972542
O=Cc1ccc(OC(F)(F)F)c(F)c1,66.0,1.350323744647064
O=Cc1ccc(OC(F)(F)F)cc1,89.5,1.3879726066972542
O=Cc1ccc(OC(F)(F)F)cc1Br,99.0,1.3554290867368692
O=Cc1ccc(OC(F)(F)F)cc1Cl,95.66666666666667,1.3879726066972544
O=Cc1ccc(OC(F)(F)F)cc1F,98.0,1.3879726066972542
O=Cc1ccc(OC(F)F)c(OC(F)F)c1,97.5,0.8301519742044904
O=Cc1ccc(OC(F)F)c([N+](=O)[O-])c1,99.0,1.1512985958567943
O=Cc1ccc(OCc2ccccc2)c(Br)c1,97.0,1.2845864866092154
O=Cc1ccc(OCc2ccccc2)c(Cl)c1,93.5,1.3259161046767753
O=Cc1ccc(OCc2ccccc2)c(OCc2ccccc2)c1,69.0,1.0180107051043732
O=Cc1ccc(Oc2ccc(C(F)(F)F)cc2)cc1,88.0,1.3879726066972542
O=Cc1ccc(Oc2ccc(Cl)c(C(F)(F)F)c2)cc1,99.0,1.339157326756677
O=Cc1ccc(Oc2ccc(F)c(F)c2)cc1,96.0,1.3879726066972542
O=Cc1ccc(Oc2ccc(F)cc2)cc1,95.0,1.2845864866092154
O=Cc1ccc(Oc2cccc([N+](=O)[O-])c2)o1,99.0,1.0180107051043732
O=Cc1ccc(Oc2ccccc2F)cc1,93.0,1.3879726066972542
O=Cc1ccc(SC(F)(F)F)cc1,98.0,1.3879726066972542
O=Cc1ccc(Sc2ccccn2)o1,99.0,0.7456793633926465
O=Cc1ccc([N+](=O)[O-])c(Oc2ccc(F)cc2F)c1,99.0,1.0668259850449504
O=Cc1ccc([N+](=O)[O-])c2ncccc12,98.0,1.3879726066972542
O=Cc1ccc([N+](=O)[O-])cc1I,58.0,0.9015725489977663
O=Cc1ccc2c(Cl)ccnc2c1,98.0,1.1109847771625294
O=Cc1ccc2c(c1)CC2,92.0,1.3879726066972542
O=Cc1ccc2c(c1)CCC2,91.33333333333333,1.3879726066972544
O=Cc1ccc2c(c1)CCCC2,93.0,1.3879726066972542
O=Cc1ccc2c(c1)Cc1ccccc1-2,96.0,1.2696356012770242
O=Cc1ccc2c(c1)OCCC2,93.0,1.3879726066972542
O=Cc1ccc2c(c1Br)OCO2,98.0,1.339157326756677
O=Cc1ccc2c(ccn2Cc2ccccc2)c1,31.0,1.3879726066972542
O=Cc1ccc2c(ccn2Cc2ccccc2F)c1,50.0,1.3879726066972542
O=Cc1ccc2c(n1)OCCO2,96.0,1.2845864866092154
O=Cc1ccc2c3cccc4cccc(c5cccc1c52)c43,98.0,1.3879726066972542
O=Cc1ccc2cc(Br)ccc2c1,96.5,1.1447725778475104
O=Cc1ccc2cc(Br)ccc2n1,94.0,1.3879726066972542
O=Cc1ccc2cc(Br)cnc2c1,98.0,1.3879726066972542
O=Cc1ccc2cc(F)ccc2n1,95.0,1.3879726066972542
O=Cc1ccc2cc([N+](=O)[O-])ccc2n1,95.0,1.0180107051043732
O=Cc1ccc2ccc(-c3ccccc3)nc2c1,98.0,1.3879726066972542
O=Cc1ccc2ccc(Cl)cc2n1,97.0,1.364207569966279
O=Cc1ccc2ccc3ccccc3c2n1,97.0,1.3879726066972542
O=Cc1ccc2ccc3cccnc3c2n1,57.0,0.6422932433046077
O=Cc1ccc2cccc(Br)c2n1,95.0,1.3879726066972542
O=Cc1ccc2cccc(Cl)c2n1,94.0,1.3879726066972542
O=Cc1ccc2cccc(F)c2n1,97.0,1.339157326756677
O=Cc1ccc2ccccc2c1Br,95.5,1.3760900883317666
O=Cc1ccc2cccnc2n1,48.0,1.3126748825968737
O=Cc1ccc2ccoc2c1,96.0,1.3879726066972542
O=Cc1ccc2ccsc2c1,97.0,1.3879726066972542
O=Cc1ccc2cnccc2c1,99.0,1.3879726066972542
O=Cc1ccc2ncccc2c1,98.0,1.3879726066972542
O=Cc1ccc2sccc2c1,97.0,1.3879726066972544
O=Cc1cccc(-c2c(F)cccc2F)n1,95.0,1.3879726066972542
O=Cc1cccc(-c2ccc(C(F)(F)F)cc2)c1,96.0,1.3879726066972542
O=Cc1cccc(-c2ccc(Cl)cc2)c1,91.0,1.339157326756677
O=Cc1cccc(-c2ccc(Cl)cc2)n1,84.0,1.3879726066972542
O=Cc1cccc(-c2ccc(F)cc2)c1,96.0,1.3879726066972542
O=Cc1cccc(-c2ccc(OC(F)(F)F)cc2)n1,99.0,1.3879726066972542
O=Cc1cccc(-c2ccccc2)n1,96.0,1.3879726066972542
O=Cc1cccc(-c2ccccc2C(F)(F)F)c1,95.0,1.3879726066972542
O=Cc1cccc(-c2ccccc2Cl)c1,96.0,1.3879726066972542
O=Cc1cccc(-c2ccccc2F)c1,97.0,1.3879726066972542
O=Cc1cccc(-c2ccccn2)c1,97.0,1.3879726066972542
O=Cc1cccc(-c2ccccn2)n1,96.0,1.3879726066972542
O=Cc1cccc(-c2cccnc2)c1,91.0,1.3879726066972542
O=Cc1cccc(-c2ccco2)n1,98.0,1.3879726066972542
O=Cc1cccc(-c2cccs2)c1,98.0,1.3879726066972542
O=Cc1cccc(-c2ccncc2)c1,94.0,1.3879726066972542
O=Cc1cccc(-c2ccsc2)c1,98.0,1.3879726066972542
O=Cc1cccc(Br)c1Br,98.5,1.1512985958567943
O=Cc1cccc(Br)c1Cl,99.0,1.2055514423795428
O=Cc1cccc(Br)c1F,99.0,1.3879726066972542
O=Cc1cccc(Br)c1OCc1ccccc1,14.0,1.3879726066972542
O=Cc1cccc(Br)n1,98.0,1.3879726066972542
O=Cc1cccc(C#Cc2ccccc2)c1,99.0,1.3879726066972542
O=Cc1cccc(C(F)(F)F)c1,99.0,1.3879726066972542
O=Cc1cccc(C(F)(F)F)c1Cl,99.0,1.3760900883317666
O=Cc1cccc(C(F)(F)F)c1F,98.0,1.3879726066972542
O=Cc1cccc(C(F)(F)F)n1,66.0,1.3879726066972542
O=Cc1cccc(Cl)c1,98.5,1.3879726066972542
O=Cc1cccc(Cl)c1C(F)(F)F,74.0,1.3126748825968737
O=Cc1cccc(Cl)c1Cl,99.0,1.131141686509662
O=Cc1cccc(Cl)c1F,99.0,1.3879726066972542
O=Cc1cccc(Cl)c1[N+](=O)[O-],99.0,1.3879726066972542
O=Cc1cccc(Cl)n1,97.0,1.3259161046767753
O=Cc1cccc(F)c1Br,99.0,1.3879726066972542
O=Cc1cccc(F)c1C(F)(F)F,42.0,1.324397028287747
O=Cc1cccc(F)c1Cl,99.0,1.3635649667269656
O=Cc1cccc(F)c1F,99.0,1.3879726066972542
O=Cc1cccc(F)c1I,99.0,1.1883837141090154
O=Cc1cccc(F)n1,96.5,1.3879726066972542
O=Cc1cccc(I)c1,93.0,1.3879726066972542
O=Cc1cccc(I)c1F,99.0,1.3879726066972542
O=Cc1cccc(N2CCOC2=O)c1,73.0,0.5090053525521866
O=Cc1cccc(N2CCOCC2)c1,84.0,1.1883837141090154
O=Cc1cccc(OC(=O)c2ccc(F)cc2)c1,96.5,1.1496842456357723
O=Cc1cccc(OC(F)(F)F)c1,97.5,1.3879726066972542
O=Cc1cccc(OC2CCCC2)c1,87.0,1.3879726066972542
O=Cc1cccc(OCC2CCCCC2)c1,96.0,1.3879726066972542
O=Cc1cccc(OCc2c(Cl)cccc2Cl)c1,98.0,1.3879726066972542
O=Cc1cccc(OCc2ccccc2)c1,97.5,1.1276048495769828
O=Cc1cccc(OCc2ccccc2)c1Cl,69.0,1.254684715944833
O=Cc1cccc(Oc2cc(Cl)cc(Cl)c2)c1,99.0,1.3879726066972542
O=Cc1cccc(Oc2ccc(F)cc2)c1,98.0,1.3879726066972542
O=Cc1cccc(Oc2cccc(C(F)(F)F)c2)c1,99.0,1.3879726066972542
O=Cc1cccc(Oc2ccccc2)c1,98.0,1.3879726066972542
O=Cc1cccc(SC(F)(F)F)c1,92.0,1.3879726066972542
O=Cc1cccc([N+](=O)[O-])c1,98.0,1.1883837141090154
O=Cc1cccc([N+](=O)[O-])c1Br,99.0,1.1512985958567943
O=Cc1cccc2c(F)cccc12,98.0,1.3879726066972542
O=Cc1cccc2c1CCC2,81.0,1.3879726066972542
O=Cc1cccc2c1CCCC2,85.0,1.3879726066972542
O=Cc1cccc2c1CCO2,96.0,1.3879726066972542
O=Cc1cccc2c1OCC2,91.0,1.3879726066972542
O=Cc1cccc2c1OCCC2,79.0,1.3879726066972542
O=Cc1cccc2c1OCCO2,93.5,1.3879726066972542
O=Cc1cccc2cccc(Br)c12,25.0,0.9634398649569116
O=Cc1cccc2cccc(Cl)c12,45.0,1.0668259850449504
O=Cc1cccc2cccc(F)c12,93.0,0.9634398649569116
O=Cc1cccc2cccnc12,87.5,1.3760900883317666
O=Cc1cccc2ccncc12,96.5,1.311871906682946
O=Cc1cccc2ccoc12,99.0,1.2881781604031348
O=Cc1cccc2ccsc12,92.0,1.3879726066972542
O=Cc1cccc2cnccc12,95.0,1.3879726066972542
O=Cc1cccc2sccc12,98.0,1.3879726066972542
O=Cc1ccccc1-c1ccc(Cl)cc1,42.0,1.3126748825968737
O=Cc1ccccc1-c1ccc(Oc2ccccc2)cc1,54.0,1.3879726066972542
O=Cc1ccccc1-c1cccc(C(F)(F)F)c1,67.0,1.3879726066972542
O=Cc1ccccc1-c1cccnc1,48.5,1.2696356012770242
O=Cc1ccccc1-c1ccncc1,55.0,1.2845864866092154
O=Cc1ccccc1-c1ccsc1,53.0,1.3879726066972542
O=Cc1ccccc1C#Cc1ccccc1,91.0,1.3126748825968737
O=Cc1ccccc1C(F)(F)F,94.0,1.3879726066972542
O=Cc1ccccc1C(F)F,88.0,1.3879726066972542
O=Cc1ccccc1C1CC1,80.0,1.3879726066972542
O=Cc1ccccc1COC1CCCCO1,83.0,1.3879726066972542
O=Cc1ccccc1I,99.0,1.3879726066972542
O=Cc1ccccc1OC(F)(F)F,93.5,1.3879726066972542
O=Cc1ccccc1OCCN1CCOCC1,74.0,1.3879726066972542
O=Cc1ccccc1OCc1ccccc1,95.0,1.3879726066972542
O=Cc1ccccc1Oc1ccc(Cl)cc1,97.0,1.3879726066972542
O=Cc1ccccc1Oc1cccc(Cl)c1,98.0,1.3879726066972542
O=Cc1ccccc1Oc1ccccc1,97.0,1.3879726066972542
O=Cc1ccccc1Oc1cnccn1,99.0,1.3879726066972542
O=Cc1ccccc1S(=O)(=O)c1ccccc1,94.0,1.0668259850449504
O=Cc1ccccc1[N+](=O)[O-],86.0,1.3879726066972542
O=Cc1ccccn1,95.0,1.2055514423795428
O=Cc1cccn1-c1ccc(Cl)cc1,17.0,1.3879726066972542
O=Cc1cccn1-c1ccc(F)cc1,99.0,1.1109847771625294
O=Cc1cccnc1C(F)(F)F,76.0,1.0180107051043732
O=Cc1cccnc1F,96.0,1.1828347465536813
O=Cc1ccn(-c2ccccc2)c1,33.0,1.3879726066972542
O=Cc1ccnc(-c2ccccn2)c1,97.0,1.3879726066972542
O=Cc1ccnc(Br)c1,99.0,1.3879726066972542
O=Cc1ccnc(C(F)(F)F)c1,99.0,1.254684715944833
O=Cc1ccnc(Cl)c1,99.0,1.3879726066972542
O=Cc1ccnc(Cl)c1Br,60.0,0.5090053525521866
O=Cc1ccnc(Cl)c1Cl,77.0,0.5090053525521866
O=Cc1ccnc(Cl)c1F,84.5,0.6422932433046077
O=Cc1ccnc(F)c1,99.0,1.3879726066972542
O=Cc1ccnc(F)c1Cl,18.0,0.32114662165230384
O=Cc1ccnc(F)c1F,98.0,0.8301519742044904
O=Cc1ccnc(N2CCOCC2)c1,93.0,1.3879726066972542
O=Cc1ccnc2c([N+](=O)[O-])cccc12,79.0,1.3879726066972542
O=Cc1ccnc2ccc(Br)cc12,99.0,1.1512985958567943
O=Cc1ccncc1Br,99.0,1.1512985958567943
O=Cc1ccncc1C(F)(F)F,93.0,1.0668259850449504
O=Cc1ccncc1Cl,99.0,1.1698411549829049
O=Cc1ccncc1F,98.0,1.3879726066972542
O=Cc1ccsc1,95.5,1.3879726066972542
O=Cc1ccsc1Br,99.0,1.3879726066972542
O=Cc1ccsc1Cl,98.0,1.3879726066972542
O=Cc1cn(-c2ccccc2)nc1-c1ccc(Br)cc1,86.0,1.2227191706500702
O=Cc1cn(Cc2ccccc2)nc1-c1cccs1,60.0,1.3879726066972542
O=Cc1cn2ccc(Cl)cc2n1,81.0,0.5090053525521866
O=Cc1cn2cccc(Br)c2n1,90.0,1.339157326756677
O=Cc1cnc(C2CC2)nc1,98.0,1.3879726066972542
O=Cc1cnc(Cl)c(C(F)(F)F)c1,77.0,0.9634398649569116
O=Cc1cnc(Cl)c(Cl)c1,97.5,1.1109847771625294
O=Cc1cnc(Cl)c(F)c1,98.0,1.1109847771625294
O=Cc1cnc2cc(Cl)ccc2c1,99.0,1.1883837141090154
O=Cc1cnc2ccc(Br)cc2c1,94.0,1.3126748825968737
O=Cc1cnc2ccc(Br)cc2c1Cl,82.0,0.6422932433046077
O=Cc1cnc2ccc(F)cc2c1Cl,97.0,1.3879726066972542
O=Cc1cnc2ccc(F)cn12,83.0,1.2227191706500702
O=Cc1cnc2cccc(Cl)n12,49.0,1.1109847771625294
O=Cc1cnc2ccccc2c1,98.5,1.3879726066972542
O=Cc1cnc2ccccc2c1Cl,99.0,1.3879726066972542
O=Cc1cncc(-c2cc(C(F)(F)F)cc(C(F)(F)F)c2)c1,99.0,1.1109847771625294
O=Cc1cncc(-c2cccc(Cl)c2)c1,90.0,1.1883837141090154
O=Cc1cncc(Br)c1,99.0,1.3879726066972542
O=Cc1cncc(Cl)c1,98.0,1.3879726066972542
O=Cc1cncc(Cl)c1Cl,99.0,1.3126748825968737
O=Cc1cncc(F)c1,98.0,1.3879726066972542
O=Cc1cncc(F)c1Cl,96.0,1.3879726066972542
O=Cc1cncc(I)c1,99.0,1.3879726066972542
O=Cc1cncc2ccccc12,97.5,1.3879726066972542
O=Cc1cnccc1Br,49.0,0.9634398649569116
O=Cc1cnccc1C(F)(F)F,92.0,1.3879726066972542
O=Cc1cnccc1Cl,92.0,1.3879726066972542
O=Cc1coc(-c2ccccc2)n1,99.0,1.3879726066972542
O=Cc1coc2ccccc12,98.5,1.3879726066972542
O=Cc1csc(Br)c1,99.0,1.3879726066972542
O=Cc1csc2cc(Br)ccc12,97.0,1.3879726066972542
O=Cc1csc2ccc(Br)cc12,96.5,1.3879726066972542
O=Cc1csc2ccc(Cl)cc12,98.0,1.3879726066972542
O=Cc1csc2ccccc12,98.0,1.3879726066972542
O=Cc1cscc1Br,99.0,1.3879726066972542
O=Cc1nc(Br)ccc1Br,98.0,1.3879726066972542
O=Cc1nc(Br)ccc1F,98.5,1.3879726066972542
O=Cc1nc(Cl)ccc1Br,97.33333333333333,1.3879726066972544
O=Cc1nc(Cl)ccc1Cl,97.0,1.3879726066972544
O=Cc1nc(Cl)ccc1F,97.0,1.3879726066972542
O=Cc1nc2ccccc2cc1Cl,98.0,1.3879726066972542
O=Cc1ncc(Br)cc1Br,98.0,1.1109847771625294
O=Cc1ncc(Br)cc1C(F)(F)F,99.0,0.9634398649569116
O=Cc1ncc(C(F)(F)F)cc1Cl,24.0,0.8301519742044904
O=Cc1ncc(C(F)(F)F)cc1F,76.0,0.7456793633926465
O=Cc1ncc(Cl)cc1F,98.0,1.1883837141090154
O=Cc1ncc(Cl)cc1[N+](=O)[O-],23.0,0.6422932433046077
O=Cc1nccc(Br)c1F,97.0,0.9015725489977663
O=Cc1ncccc1Br,99.0,1.3879726066972542
O=Cc1ncccc1C(F)(F)F,89.5,1.0668259850449504
O=Cc1ncccc1Cl,99.0,1.3879726066972542
O=Cc1ncccc1F,94.0,1.364207569966279
O=Cc1ncccc1[N+](=O)[O-],93.0,0.9015725489977663
O=Cc1occc1Br,99.0,1.231986739226834
O=Cc1sc2ccccc2c1Br,99.0,0.8301519742044904
O=Cc1scc(Br)c1Br,97.5,0.7879156687985684
O=Cc1scc2c1OCCO2,21.0,0.9907252850306424
O=Cc1sccc1Br,99.0,1.1698411549829049
O=Cc1sccc1Cl,99.0,1.2696356012770242
